raw_string,normalized_string,source,molecule_id
aspirin,aspirin,manual,MOL-00024
paracetamol,paracetamol,manual,MOL-00018
acetyl salicylic acid,acetyl salicylic acid,manual,MOL-00024
salicylic acid acetyl,salicylic acid acetyl,manual,MOL-00024
adrenaline,adrenaline,manual,MOL-00754
noradrenaline,noradrenaline,manual,MOL-01541
cyclosporin,cyclosporin,manual,MOL-00533
frusemide,frusemide,manual,MOL-00919
lignocaine,lignocaine,manual,MOL-01253
rifampin,rifampin,manual,MOL-01867
vitamin b12,vitamin b12,manual,MOL-00523
vitamin b1,vitamin b1,manual,MOL-02110
vitamin b6,vitamin b6,manual,MOL-01815
vitamin d3,vitamin d3,manual,MOL-00422
vitamin b9,vitamin b9,manual,MOL-00893
crocin,crocin,manual,MOL-00018
dolo,dolo,manual,MOL-00018
calpol,calpol,manual,MOL-00018
metacin,metacin,manual,MOL-00018
brufen,brufen,manual,MOL-01054
ibugesic,ibugesic,manual,MOL-01054
voveran,voveran,manual,MOL-00619
volini,volini,manual,MOL-00619
zerodol,zerodol,manual,MOL-00016
nise,nise,manual,MOL-01524
naprosyn,naprosyn,manual,MOL-01488
tramazac,tramazac,manual,MOL-02169
pan,pan,manual,MOL-01628
pantop,pantop,manual,MOL-01628
pantocid,pantocid,manual,MOL-01628
omez,omez,manual,MOL-01576
ocid,ocid,manual,MOL-01576
nexpro,nexpro,manual,MOL-00778
razo,razo,manual,MOL-01827
rantac,rantac,manual,MOL-01839
zinetac,zinetac,manual,MOL-01839
domstal,domstal,manual,MOL-00673
emeset,emeset,manual,MOL-01578
vomikind,vomikind,manual,MOL-01578
cremaffin,cremaffin,manual,MOL-01198
duphalac,duphalac,manual,MOL-01198
glycomet,glycomet,manual,MOL-01368
glyciphage,glyciphage,manual,MOL-01368
obimet,obimet,manual,MOL-01368
carbophage,carbophage,manual,MOL-01368
amaryl,amaryl,manual,MOL-00962
glimestar,glimestar,manual,MOL-00962
zoryl,zoryl,manual,MOL-00962
daonil,daonil,manual,MOL-00972
glibenclamide,glibenclamide,manual,MOL-00972
januvia,januvia,manual,MOL-01979
galvus,galvus,manual,MOL-02274
jardiance,jardiance,manual,MOL-00736
lantus,lantus,manual,MOL-01092
huminsulin,huminsulin,manual,MOL-01088
mixtard,mixtard,manual,MOL-01088
ecosprin,ecosprin,manual,MOL-00024
disprin,disprin,manual,MOL-00024
loprin,loprin,manual,MOL-00024
clopilet,clopilet,manual,MOL-00473
plavix,plavix,manual,MOL-00473
deplatt,deplatt,manual,MOL-00473
warf,warf,manual,MOL-02304
uniwarfin,uniwarfin,manual,MOL-02304
atorva,atorva,manual,MOL-00156
storvas,storvas,manual,MOL-00156
lipvas,lipvas,manual,MOL-00156
rosuvas,rosuvas,manual,MOL-01903
crestor,crestor,manual,MOL-01903
amlong,amlong,manual,MOL-00097
amlopres,amlopres,manual,MOL-00097
stamlo,stamlo,manual,MOL-00097
telma,telma,manual,MOL-02072
telvas,telvas,manual,MOL-02072
losar,losar,manual,MOL-01288
repace,repace,manual,MOL-01288
envas,envas,manual,MOL-00738
zestril,zestril,manual,MOL-01270
ramipres,ramipres,manual,MOL-01836
cardace,cardace,manual,MOL-01836
concor,concor,manual,MOL-00254
metolar,metolar,manual,MOL-01407
betaloc,betaloc,manual,MOL-01407
aten,aten,manual,MOL-00153
ciplar,ciplar,manual,MOL-01799
dytor,dytor,manual,MOL-02165
lasix,lasix,manual,MOL-00919
mox,mox,manual,MOL-00102
novamox,novamox,manual,MOL-00102
amoxil,amoxil,manual,MOL-00102
azithral,azithral,manual,MOL-00177
azee,azee,manual,MOL-00177
zithromax,zithromax,manual,MOL-00177
taxim o,taxim o,manual,MOL-00368
zifi,zifi,manual,MOL-00368
cefspan,cefspan,manual,MOL-00368
ciplox,ciplox,manual,MOL-00445
cifran,cifran,manual,MOL-00445
zenflox,zenflox,manual,MOL-01558
oflox,oflox,manual,MOL-01558
levoflox,levoflox,manual,MOL-01242
monocef,monocef,manual,MOL-00383
flagyl,flagyl,manual,MOL-01410
metrogyl,metrogyl,manual,MOL-01410
zentel,zentel,manual,MOL-00041
bandy,bandy,manual,MOL-00041
fluka,fluka,manual,MOL-00864
forcan,forcan,manual,MOL-00864
sporlac,sporlac,manual,MOL-01197
cetzine,cetzine,manual,MOL-00394
alerid,alerid,manual,MOL-00394
okacet,okacet,manual,MOL-00394
levocet,levocet,manual,MOL-01237
xyzal,xyzal,manual,MOL-01237
teczine,teczine,manual,MOL-01237
montair,montair,manual,MOL-01453
allegra,allegra,manual,MOL-00851
avil,avil,manual,MOL-01699
atarax,atarax,manual,MOL-01047
asthalin,asthalin,manual,MOL-01923
ventolin,ventolin,manual,MOL-01923
levolin,levolin,manual,MOL-01249
budecort,budecort,manual,MOL-00287
thyronorm,thyronorm,manual,MOL-01251
eltroxin,eltroxin,manual,MOL-01251
thyrox,thyrox,manual,MOL-01251
wysolone,wysolone,manual,MOL-01773
omnacortil,omnacortil,manual,MOL-01773
medrol,medrol,manual,MOL-01397
decdan,decdan,manual,MOL-00591
alprax,alprax,manual,MOL-00071
restyl,restyl,manual,MOL-00071
calmpose,calmpose,manual,MOL-00616
valium,valium,manual,MOL-00616
nexito,nexito,manual,MOL-00773
cipralex,cipralex,manual,MOL-00773
zoloft,zoloft,manual,MOL-01959
daxid,daxid,manual,MOL-01959
prozac,prozac,manual,MOL-00878
gabapin,gabapin,manual,MOL-00921
pregabid,pregabid,manual,MOL-01776
lyrica,lyrica,manual,MOL-01776
eptoin,eptoin,manual,MOL-01713
levipil,levipil,manual,MOL-01227
calcimax,calcimax,manual,MOL-00309
becosules,becosules,manual,MOL-01463
neurobion,neurobion,manual,MOL-01463
zincovit,zincovit,manual,MOL-01463
orofer,orofer,manual,MOL-01128
viagra,viagra,manual,MOL-01965
manforce,manforce,manual,MOL-01965
