product_id,molecule_id,strength,unit
PMBJP-1,MOL-00016,100.0,mg
PMBJP-1,MOL-00018,325.0,mg
PMBJP-2,MOL-00016,100.0,mg
PMBJP-3,MOL-01776,75.0,mg
PMBJP-5,MOL-00024,150.0,mg
PMBJP-6,MOL-00421,500.0,mg
PMBJP-6,MOL-00619,50.0,mg
PMBJP-6,MOL-00018,325.0,mg
PMBJP-7,MOL-00619,,
PMBJP-8,MOL-01957,10.0,mg
PMBJP-8,MOL-00619,50.0,mg
PMBJP-9,MOL-00619,100.0,mg
PMBJP-10,MOL-00619,25.0,mg
PMBJP-11,MOL-00619,50.0,mg
PMBJP-12,MOL-00810,120.0,mg
PMBJP-13,MOL-00810,90.0,mg
PMBJP-14,MOL-01054,400.0,mg
PMBJP-14,MOL-00018,325.0,mg
PMBJP-15,MOL-01054,200.0,mg
PMBJP-16,MOL-01054,400.0,mg
PMBJP-17,MOL-01077,25.0,mg
PMBJP-18,MOL-00177,250.0,mg
PMBJP-19,MOL-01524,100.0,mg
PMBJP-19,MOL-00018,325.0,mg
PMBJP-20,MOL-01524,100.0,mg
PMBJP-21,MOL-00619,50.0,mg
PMBJP-21,MOL-00018,325.0,mg
PMBJP-22,MOL-01636,125.0,mg
PMBJP-23,MOL-00018,500.0,mg
PMBJP-24,MOL-01675,30.0,mg
PMBJP-25,MOL-01957,10.0,mg
PMBJP-26,MOL-02169,100.0,mg
PMBJP-27,MOL-02169,50.0,mg
PMBJP-28,MOL-02169,50.0,mg
PMBJP-29,MOL-00031,400.0,mg
PMBJP-30,MOL-00084,100.0,mg
PMBJP-31,MOL-00084,250.0,mg
PMBJP-32,MOL-00084,500.0,mg
PMBJP-34,MOL-01368,500.0,mg
PMBJP-34,MOL-00962,2.0,mg
PMBJP-35,MOL-00102,1.0,g
PMBJP-35,MOL-00455,200.0,mg
PMBJP-36,MOL-00102,200.0,mg
PMBJP-36,MOL-00455,28.5,mg
PMBJP-37,MOL-00102,250.0,mg
PMBJP-37,MOL-00455,50.0,mg
PMBJP-38,MOL-00102,500.0,mg
PMBJP-38,MOL-00455,100.0,mg
PMBJP-39,MOL-00102,500.0,mg
PMBJP-39,MOL-00455,125.0,mg
PMBJP-40,MOL-00102,250.0,mg
PMBJP-40,MOL-00478,250.0,mg
PMBJP-42,MOL-00102,125.0,mg
PMBJP-43,MOL-00102,125.0,mg
PMBJP-44,MOL-00102,250.0,mg
PMBJP-45,MOL-00102,500.0,mg
PMBJP-46,MOL-00105,500.0,mg
PMBJP-47,MOL-00177,100.0,mg
PMBJP-48,MOL-00177,100.0,mg
PMBJP-51,MOL-00357,250.0,mg
PMBJP-52,MOL-00357,500.0,mg
PMBJP-53,MOL-00368,50.0,mg
PMBJP-54,MOL-00368,100.0,mg
PMBJP-55,MOL-00368,200.0,mg
PMBJP-56,MOL-00371,1.0,g
PMBJP-56,MOL-02028,1.0,g
PMBJP-57,MOL-00371,500.0,mg
PMBJP-57,MOL-02028,500.0,mg
PMBJP-58,MOL-00371,1.0,g
PMBJP-59,MOL-00372,1.0,g
PMBJP-59,MOL-02028,500.0,mg
PMBJP-60,MOL-00372,250.0,mg
PMBJP-60,MOL-02028,125.0,mg
PMBJP-61,MOL-00372,500.0,mg
PMBJP-61,MOL-02028,250.0,mg
PMBJP-62,MOL-00372,1.0,g
PMBJP-63,MOL-00372,250.0,mg
PMBJP-64,MOL-00372,500.0,mg
PMBJP-65,MOL-00375,100.0,mg
PMBJP-66,MOL-00375,200.0,mg
PMBJP-67,MOL-00379,1.0,g
PMBJP-68,MOL-00379,250.0,mg
PMBJP-69,MOL-00379,500.0,mg
PMBJP-70,MOL-00383,1.0,g
PMBJP-70,MOL-02028,500.0,mg
PMBJP-71,MOL-00383,1.0,g
PMBJP-71,MOL-02062,125.0,mg
PMBJP-72,MOL-00177,500.0,mg
PMBJP-73,MOL-00383,250.0,mg
PMBJP-73,MOL-02028,125.0,mg
PMBJP-74,MOL-00383,500.0,mg
PMBJP-74,MOL-02028,250.0,mg
PMBJP-75,MOL-00383,1.0,g
PMBJP-76,MOL-00383,250.0,mg
PMBJP-77,MOL-00383,500.0,mg
PMBJP-78,MOL-00384,250.0,mg
PMBJP-79,MOL-00384,500.0,mg
PMBJP-80,MOL-00389,125.0,mg
PMBJP-81,MOL-00389,250.0,mg
PMBJP-82,MOL-00389,500.0,mg
PMBJP-83,MOL-00445,250.0,mg
PMBJP-83,MOL-02133,300.0,mg
PMBJP-84,MOL-00445,500.0,mg
PMBJP-84,MOL-02133,600.0,mg
PMBJP-85,MOL-00445,250.0,mg
PMBJP-86,MOL-00445,500.0,mg
PMBJP-87,MOL-00476,1.0,%
PMBJP-88,MOL-00481,200.0,mg
PMBJP-88,MOL-02203,40.0,mg
PMBJP-89,MOL-00481,800.0,mg
PMBJP-89,MOL-02203,160.0,mg
PMBJP-90,MOL-00481,100.0,mg
PMBJP-90,MOL-02203,20.0,mg
PMBJP-92,MOL-00690,100.0,mg
PMBJP-93,MOL-00770,250.0,mg
PMBJP-94,MOL-00947,80.0,mg
PMBJP-95,MOL-01242,250.0,mg
PMBJP-96,MOL-01242,500.0,mg
PMBJP-97,MOL-01359,1.0,g
PMBJP-98,MOL-01544,400.0,mg
PMBJP-98,MOL-02133,600.0,mg
PMBJP-99,MOL-01544,400.0,mg
PMBJP-100,MOL-01558,200.0,mg
PMBJP-100,MOL-01586,500.0,mg
PMBJP-101,MOL-01558,200.0,mg
PMBJP-102,MOL-01558,400.0,mg
PMBJP-103,MOL-01726,4000.0,mg
PMBJP-103,MOL-02063,500.0,mg
PMBJP-104,MOL-01906,50.0,mg
PMBJP-105,MOL-01906,150.0,mg
PMBJP-106,MOL-01906,300.0,mg
PMBJP-107,MOL-02133,300.0,mg
PMBJP-108,MOL-02133,500.0,mg
PMBJP-109,MOL-02254,500.0,mg
PMBJP-110,MOL-00033,,
PMBJP-112,MOL-00196,,
PMBJP-112,MOL-00476,,
PMBJP-112,MOL-00947,,
PMBJP-113,MOL-00196,,
PMBJP-113,MOL-01501,,
PMBJP-115,MOL-00304,,
PMBJP-117,MOL-00408,0.2,%
PMBJP-118,MOL-00463,0.05,%
PMBJP-120,MOL-00920,2.0,%
PMBJP-122,MOL-01175,2.0,%
PMBJP-124,MOL-01761,5.0,%
PMBJP-125,MOL-01761,5.0,%
PMBJP-126,MOL-01761,10.0,%
PMBJP-127,MOL-01761,5.0,%
PMBJP-129,MOL-01761,7.5,%
PMBJP-131,MOL-01970,1.0,%
PMBJP-131,MOL-00408,0.2,%
PMBJP-131,MOL-00058,0.1,%
PMBJP-131,MOL-00062,15.0,%
PMBJP-132,MOL-01970,1.0,%
PMBJP-132,MOL-00408,0.2,%
PMBJP-132,MOL-00058,0.1,%
PMBJP-132,MOL-00062,15.0,%
PMBJP-133,MOL-00972,2.5,mg
PMBJP-134,MOL-00972,5.0,mg
PMBJP-135,MOL-00961,40.0,mg
PMBJP-136,MOL-00961,80.0,mg
PMBJP-137,MOL-00962,1.0,mg
PMBJP-138,MOL-00962,2.0,mg
PMBJP-141,MOL-00964,5.0,mg
PMBJP-142,MOL-02000,40.0,iu
PMBJP-143,MOL-01095,30.0,%
PMBJP-143,MOL-01140,70.0,%
PMBJP-144,MOL-01368,1000.0,mg
PMBJP-145,MOL-01368,500.0,mg
PMBJP-147,MOL-01724,30.0,mg
PMBJP-150,MOL-01724,15.0,mg
PMBJP-150,MOL-01368,500.0,mg
PMBJP-152,MOL-00257,15.0,iu
PMBJP-153,MOL-00448,10.0,mg
PMBJP-154,MOL-00448,50.0,mg
PMBJP-156,MOL-00689,50.0,mg
PMBJP-158,MOL-00809,100.0,mg
PMBJP-159,MOL-00943,1000.0,mg
PMBJP-160,MOL-00943,200.0,mg
PMBJP-163,MOL-02054,10.0,mg
PMBJP-164,MOL-02054,20.0,mg
PMBJP-165,MOL-00445,200.0,mg
PMBJP-170,MOL-01315,20.0,%
PMBJP-171,MOL-01315,20.0,%
PMBJP-172,MOL-01410,500.0,mg
PMBJP-177,MOL-00041,200.0,mg
PMBJP-178,MOL-00041,400.0,mg
PMBJP-178,MOL-01158,6.0,mg
PMBJP-180,MOL-00250,5.0,mg
PMBJP-181,MOL-02186,275.0,mg
PMBJP-181,MOL-00534,2.0,mg
PMBJP-183,MOL-00626,10.0,mg
PMBJP-184,MOL-00018,325.0,mg
PMBJP-184,MOL-00626,20.0,mg
PMBJP-186,MOL-00673,10.0,mg
PMBJP-187,MOL-00673,5.0,mg
PMBJP-188,MOL-00694,250.0,mg
PMBJP-188,MOL-01312,50.0,mg
PMBJP-188,MOL-00030,250.0,mg
PMBJP-191,MOL-00825,20.0,mg
PMBJP-192,MOL-00825,40.0,mg
PMBJP-193,MOL-00918,100.0,mg
PMBJP-194,MOL-01941,10.0,mg
PMBJP-196,MOL-01195,,
PMBJP-197,MOL-01198,10.0,g
PMBJP-198,MOL-00694,250.0,mg
PMBJP-198,MOL-01312,50.0,mg
PMBJP-198,MOL-00030,5.0,ml
PMBJP-199,MOL-01404,10.0,mg
PMBJP-200,MOL-01404,5.0,mg
PMBJP-201,MOL-01410,200.0,mg
PMBJP-202,MOL-01410,400.0,mg
PMBJP-203,MOL-01439,200.0,mcg
PMBJP-206,MOL-01576,20.0,mg
PMBJP-206,MOL-00673,10.0,mg
PMBJP-207,MOL-01576,20.0,mg
PMBJP-208,MOL-01578,2.0,mg
PMBJP-209,MOL-01578,4.0,mg
PMBJP-210,MOL-01586,500.0,mg
PMBJP-212,MOL-01628,40.0,mg
PMBJP-213,MOL-01628,40.0,mg
PMBJP-214,MOL-01827,20.0,mg
PMBJP-214,MOL-00673,30.0,mg
PMBJP-215,MOL-01827,20.0,mg
PMBJP-216,MOL-01839,25.0,mg
PMBJP-217,MOL-01839,150.0,mg
PMBJP-218,MOL-01839,300.0,mg
PMBJP-220,MOL-00309,500.0,mg
PMBJP-220,MOL-02289,250.0,iu
PMBJP-223,MOL-01815,10.0,mg
PMBJP-223,MOL-00691,2.5,mg
PMBJP-223,MOL-00893,10.0,mg
PMBJP-224,MOL-00893,5.0,mg
PMBJP-225,MOL-01128,,
PMBJP-225,MOL-00894,,
PMBJP-227,MOL-01751,,
PMBJP-230,MOL-02288,,
PMBJP-231,MOL-02287,10.0,mg
PMBJP-232,MOL-02287,,
PMBJP-235,MOL-00287,1.0,mg
PMBJP-236,MOL-00287,100.0,mcg
PMBJP-238,MOL-00287,200.0,mcg
PMBJP-239,MOL-00394,5.0,mg
PMBJP-240,MOL-00394,10.0,mg
PMBJP-245,MOL-00807,77.0,mg
PMBJP-245,MOL-02108,23.0,mg
PMBJP-246,MOL-00851,120.0,mg
PMBJP-247,MOL-00851,180.0,mg
PMBJP-248,MOL-01238,5.0,mg
PMBJP-250,MOL-01453,5.0,mg
PMBJP-251,MOL-01453,10.0,mg
PMBJP-252,MOL-01453,10.0,mg
PMBJP-252,MOL-01237,5.0,mg
PMBJP-253,MOL-01699,25.0,mg
PMBJP-254,MOL-01793,5.0,mg
PMBJP-255,MOL-00043,100.0,mcg
PMBJP-256,MOL-00043,2.0,mg
PMBJP-259,MOL-00043,2.0,mg
PMBJP-260,MOL-00043,4.0,mg
PMBJP-261,MOL-00035,6.0,mg
PMBJP-263,MOL-00097,5.0,mg
PMBJP-263,MOL-00153,50.0,mg
PMBJP-264,MOL-00097,5.0,mg
PMBJP-265,MOL-00153,50.0,mg
PMBJP-266,MOL-00156,10.0,mg
PMBJP-267,MOL-00156,20.0,mg
PMBJP-268,MOL-00472,100.0,mcg
PMBJP-269,MOL-00473,75.0,mg
PMBJP-270,MOL-00473,75.0,mg
PMBJP-270,MOL-00024,75.0,mg
PMBJP-271,MOL-00647,30.0,mg
PMBJP-272,MOL-00647,60.0,mg
PMBJP-273,MOL-00666,250.0,mg
PMBJP-274,MOL-00675,200.0,mg
PMBJP-275,MOL-00738,5.0,mg
PMBJP-276,MOL-00745,40.0,mg
PMBJP-277,MOL-00745,60.0,mg
PMBJP-278,MOL-00919,10.0,mg
PMBJP-279,MOL-00919,40.0,mg
PMBJP-280,MOL-01007,5000.0,iu
PMBJP-281,MOL-01007,25000.0,iu
PMBJP-283,MOL-01145,10.0,mg
PMBJP-285,MOL-00097,5.0,mg
PMBJP-285,MOL-01270,5.0,mg
PMBJP-286,MOL-01270,5.0,mg
PMBJP-287,MOL-01288,50.0,mg
PMBJP-287,MOL-01034,12.5,mg
PMBJP-288,MOL-01288,25.0,mg
PMBJP-289,MOL-01288,50.0,mg
PMBJP-290,MOL-01407,25.0,mg
PMBJP-291,MOL-01407,50.0,mg
PMBJP-293,MOL-01836,2.5,mg
PMBJP-294,MOL-01836,5.0,mg
PMBJP-295,MOL-01975,10.0,mg
PMBJP-296,MOL-01975,20.0,mg
PMBJP-298,MOL-02072,40.0,mg
PMBJP-298,MOL-01033,12.5,mg
PMBJP-299,MOL-02072,20.0,mg
PMBJP-300,MOL-02072,40.0,mg
PMBJP-301,MOL-02172,500.0,mg
PMBJP-302,MOL-02172,500.0,mg
PMBJP-304,MOL-00141,150.0,mg
PMBJP-305,MOL-00412,250.0,mg
PMBJP-311,MOL-00661,1.4,g
PMBJP-312,MOL-01850,20.5,g
PMBJP-313,MOL-00071,0.25,mg
PMBJP-314,MOL-00071,0.5,mg
PMBJP-316,MOL-00228,8.0,mg
PMBJP-317,MOL-00333,100.0,mg
PMBJP-319,MOL-00471,0.5,mg
PMBJP-320,MOL-00616,5.0,mg
PMBJP-321,MOL-00773,10.0,mg
PMBJP-322,MOL-00773,20.0,mg
PMBJP-323,MOL-00870,10.0,mg
PMBJP-324,MOL-00870,5.0,mg
PMBJP-325,MOL-00878,20.0,mg
PMBJP-326,MOL-01388,0.125,mg
PMBJP-327,MOL-01713,100.0,mg
PMBJP-328,MOL-01788,5.0,mg
PMBJP-329,MOL-01773,5.0,mg
PMBJP-330,MOL-01773,10.0,mg
PMBJP-332,MOL-01251,100.0,mcg
PMBJP-333,MOL-00591,0.5,mg
PMBJP-334,MOL-00591,4.0,mg
PMBJP-336,MOL-00059,100.0,mg
PMBJP-337,MOL-00469,50.0,mg
PMBJP-338,MOL-00159,0.6,mg
PMBJP-341,MOL-00349,0.5,%
PMBJP-344,MOL-00445,0.3,%
PMBJP-345,MOL-00947,0.3,%
PMBJP-351,MOL-02307,,
PMBJP-352,MOL-00290,5.0,mg
PMBJP-356,MOL-01253,2.0,%
PMBJP-357,MOL-01253,,
PMBJP-357,MOL-00754,,
PMBJP-358,MOL-01798,10.0,mg
PMBJP-359,MOL-02098,,
PMBJP-360,MOL-01422,200.0,mg
PMBJP-362,MOL-00248,40.0,iu
PMBJP-363,MOL-01092,100.0,iu
PMBJP-366,MOL-00964,5.0,mg
PMBJP-366,MOL-01368,500.0,mg
PMBJP-367,MOL-02296,0.3,mg
PMBJP-368,MOL-00961,60.0,mg
PMBJP-369,MOL-00013,50.0,mg
PMBJP-371,MOL-02296,0.2,mg
PMBJP-372,MOL-01368,500.0,mg
PMBJP-373,MOL-00143,60.0,mg
PMBJP-375,MOL-01824,300.0,mg
PMBJP-376,MOL-01068,500.0,mg
PMBJP-376,MOL-00436,500.0,mg
PMBJP-377,MOL-00460,300.0,mg
PMBJP-380,MOL-00506,500.0,mg
PMBJP-381,MOL-00368,200.0,mg
PMBJP-381,MOL-01558,200.0,mg
PMBJP-382,MOL-01260,600.0,mg
PMBJP-383,MOL-00375,200.0,mg
PMBJP-383,MOL-00455,125.0,mg
PMBJP-384,MOL-01154,100.0,mg
PMBJP-385,MOL-00368,200.0,mg
PMBJP-385,MOL-00455,125.0,mg
PMBJP-386,MOL-00630,50.0,mg
PMBJP-387,MOL-02086,250.0,mg
PMBJP-391,MOL-01459,400.0,mg
PMBJP-392,MOL-00986,250.0,mg
PMBJP-393,MOL-00031,800.0,mg
PMBJP-395,MOL-00384,500.0,mg
PMBJP-395,MOL-00455,125.0,mg
PMBJP-396,MOL-01267,50.0,mg
PMBJP-400,MOL-01175,200.0,mg
PMBJP-401,MOL-00102,250.0,mg
PMBJP-401,MOL-00455,125.0,mg
PMBJP-402,MOL-00102,875.0,mg
PMBJP-402,MOL-00455,125.0,mg
PMBJP-403,MOL-00460,300.0,mg
PMBJP-404,MOL-01260,600.0,mg
PMBJP-405,MOL-01558,200.0,mg
PMBJP-407,MOL-01158,12.0,mg
PMBJP-410,MOL-02177,440.0,mg
PMBJP-412,MOL-00172,50.0,mg
PMBJP-413,MOL-01379,7.5,mg
PMBJP-414,MOL-02172,500.0,mg
PMBJP-414,MOL-01334,250.0,mg
PMBJP-416,MOL-01771,5.0,mg
PMBJP-417,MOL-02072,40.0,mg
PMBJP-417,MOL-00097,5.0,mg
PMBJP-418,MOL-01903,20.0,mg
PMBJP-419,MOL-01007,50.0,iu
PMBJP-419,MOL-00222,2.0,mg
PMBJP-420,MOL-00156,10.0,mg
PMBJP-420,MOL-00473,75.0,mg
PMBJP-421,MOL-01495,5.0,mg
PMBJP-422,MOL-02163,10.0,mg
PMBJP-423,MOL-00254,5.0,mg
PMBJP-424,MOL-00352,3.125,mg
PMBJP-425,MOL-00647,90.0,mg
PMBJP-426,MOL-00017,2.0,mg
PMBJP-427,MOL-01917,2.5,mg
PMBJP-428,MOL-00638,0.25,mg
PMBJP-429,MOL-00156,10.0,mg
PMBJP-429,MOL-00833,160.0,mg
PMBJP-430,MOL-00093,200.0,mg
PMBJP-431,MOL-01836,5.0,mg
PMBJP-431,MOL-01033,12.5,mg
PMBJP-432,MOL-01564,40.0,mg
PMBJP-433,MOL-01147,30.0,mg
PMBJP-434,MOL-01799,40.0,mg
PMBJP-435,MOL-01903,10.0,mg
PMBJP-435,MOL-00833,160.0,mg
PMBJP-436,MOL-02072,40.0,mg
PMBJP-436,MOL-00420,12.5,mg
PMBJP-437,MOL-01519,20.0,mg
PMBJP-438,MOL-01072,1.5,mg
PMBJP-439,MOL-01564,40.0,mg
PMBJP-439,MOL-01033,12.5,mg
PMBJP-440,MOL-01407,50.0,mg
PMBJP-440,MOL-00097,5.0,mg
PMBJP-441,MOL-01288,50.0,mg
PMBJP-441,MOL-00097,5.0,mg
PMBJP-442,MOL-00833,160.0,mg
PMBJP-443,MOL-01145,5.0,mg
PMBJP-444,MOL-00738,10.0,mg
PMBJP-444,MOL-01033,25.0,mg
PMBJP-445,MOL-01564,20.0,mg
PMBJP-445,MOL-00097,5.0,mg
PMBJP-446,MOL-00097,5.0,mg
PMBJP-446,MOL-01033,12.5,mg
PMBJP-447,MOL-01460,0.3,mg
PMBJP-448,MOL-01836,5.0,mg
PMBJP-448,MOL-00097,5.0,mg
PMBJP-449,MOL-02015,25.0,mg
PMBJP-450,MOL-01192,100.0,mg
PMBJP-451,MOL-02020,0.0,iu
PMBJP-452,MOL-02304,5.0,mg
PMBJP-453,MOL-00254,5.0,mg
PMBJP-453,MOL-01033,6.25,mg
PMBJP-454,MOL-02253,80.0,mg
PMBJP-455,MOL-02266,80.0,mg
PMBJP-456,MOL-00156,40.0,mg
PMBJP-457,MOL-02165,20.0,mg
PMBJP-458,MOL-01192,5.0,mg
PMBJP-459,MOL-01040,,
PMBJP-459,MOL-01449,,
PMBJP-459,MOL-02181,,
PMBJP-461,MOL-00229,,
PMBJP-461,MOL-01501,,
PMBJP-462,MOL-00229,,
PMBJP-462,MOL-00461,,
PMBJP-463,MOL-01468,2.0,%
PMBJP-465,MOL-01628,40.0,mg
PMBJP-465,MOL-00673,30.0,mg
PMBJP-466,MOL-02241,300.0,mg
PMBJP-467,MOL-00626,10.0,mg
PMBJP-467,MOL-01334,250.0,mg
PMBJP-468,MOL-00183,5.0,ml
PMBJP-471,MOL-01602,,
PMBJP-471,MOL-01312,,
PMBJP-472,MOL-00778,40.0,mg
PMBJP-472,MOL-00673,30.0,mg
PMBJP-473,MOL-01628,40.0,mg
PMBJP-473,MOL-01250,75.0,mg
PMBJP-474,MOL-00691,10.0,mg
PMBJP-474,MOL-01815,10.0,mg
PMBJP-475,MOL-02025,500.0,mg
PMBJP-476,MOL-01638,1.25,ml
PMBJP-476,MOL-01426,3.75,ml
PMBJP-476,MOL-01993,3.33,mg
PMBJP-477,MOL-00407,5.0,mg
PMBJP-477,MOL-00459,2.5,mg
PMBJP-478,MOL-01993,10.0,mg
PMBJP-479,MOL-02009,7.15,g
PMBJP-479,MOL-02186,550.0,mg
PMBJP-480,MOL-00778,40.0,mg
PMBJP-480,MOL-01250,75.0,mg
PMBJP-481,MOL-01871,400.0,mg
PMBJP-482,MOL-01827,20.0,mg
PMBJP-482,MOL-01250,75.0,mg
PMBJP-483,MOL-01280,2.0,mg
PMBJP-484,MOL-00778,40.0,mg
PMBJP-485,MOL-01793,25.0,mg
PMBJP-486,MOL-01623,170.0,mg
PMBJP-486,MOL-00030,80.0,mg
PMBJP-487,MOL-00626,10.0,mg
PMBJP-487,MOL-00030,40.0,mg
PMBJP-488,MOL-01203,15.0,mg
PMBJP-489,MOL-02034,1000.0,mg
PMBJP-491,MOL-01153,50.0,mg
PMBJP-492,MOL-02034,500.0,mg
PMBJP-495,MOL-00840,160.0,mg
PMBJP-495,MOL-00523,7.5,mcg
PMBJP-495,MOL-00893,0.5,mg
PMBJP-496,MOL-00710,10.0,mg
PMBJP-497,MOL-01422,200.0,mg
PMBJP-497,MOL-01439,200.0,mcg
PMBJP-498,MOL-00843,100.0,mg
PMBJP-498,MOL-00893,1.5,mg
PMBJP-499,MOL-01542,5.0,mg
PMBJP-500,MOL-01231,100.0,mcg
PMBJP-501,MOL-00229,0.5,mg
PMBJP-502,MOL-00568,6.0,mg
PMBJP-503,MOL-01397,1000.0,mg
PMBJP-504,MOL-01486,25.0,mg
PMBJP-505,MOL-00338,10.0,mg
PMBJP-506,MOL-01231,50.0,mcg
PMBJP-507,MOL-00338,5.0,mg
PMBJP-508,MOL-01227,500.0,mg
PMBJP-509,MOL-01043,200.0,mg
PMBJP-510,MOL-00018,325.0,mg
PMBJP-510,MOL-02169,37.5,mg
PMBJP-511,MOL-00018,650.0,mg
PMBJP-512,MOL-00016,100.0,mg
PMBJP-512,MOL-00018,325.0,mg
PMBJP-512,MOL-01957,15.0,mg
PMBJP-513,MOL-01731,20.0,mg
PMBJP-514,MOL-00431,,
PMBJP-514,MOL-02218,,
PMBJP-515,MOL-01334,100.0,mg
PMBJP-516,MOL-00016,200.0,mg
PMBJP-517,MOL-02114,4.0,mg
PMBJP-517,MOL-00016,100.0,mg
PMBJP-518,MOL-00186,10.0,mg
PMBJP-519,MOL-01178,10.0,mg
PMBJP-521,MOL-02169,100.0,mg
PMBJP-522,MOL-00052,0.25,mcg
PMBJP-523,MOL-01488,500.0,mg
PMBJP-525,MOL-00619,,
PMBJP-525,MOL-01257,,
PMBJP-525,MOL-01386,,
PMBJP-525,MOL-01348,,
PMBJP-528,MOL-00018,325.0,mg
PMBJP-528,MOL-01710,10.0,mg
PMBJP-528,MOL-00416,2.0,mg
PMBJP-529,MOL-01249,1.25,mg
PMBJP-529,MOL-01124,500.0,mcg
PMBJP-530,MOL-00899,6.0,mcg
PMBJP-530,MOL-00287,200.0,mcg
PMBJP-532,MOL-01926,50.0,mcg
PMBJP-532,MOL-00890,250.0,mcg
PMBJP-534,MOL-01230,200.0,mcg
PMBJP-534,MOL-00197,200.0,mcg
PMBJP-537,MOL-00080,15.0,mg
PMBJP-537,MOL-00988,50.0,mg
PMBJP-537,MOL-01249,1.0,mg
PMBJP-539,MOL-00023,600.0,mg
PMBJP-540,MOL-01249,1.25,mg
PMBJP-540,MOL-00287,1.0,mg
PMBJP-541,MOL-00014,100.0,mg
PMBJP-542,MOL-01925,0.65,%
PMBJP-543,MOL-01350,55.0,mg
PMBJP-543,MOL-01723,12.5,mg
PMBJP-544,MOL-00890,0.5,mg
PMBJP-555,MOL-00688,400.0,mg
PMBJP-556,MOL-01453,10.0,mg
PMBJP-556,MOL-00851,120.0,mg
PMBJP-558,MOL-00174,140.0,mcg
PMBJP-558,MOL-00890,50.0,mcg
PMBJP-559,MOL-00043,2.0,mg
PMBJP-559,MOL-02108,100.0,mg
PMBJP-560,MOL-00890,50.0,mcg
PMBJP-561,MOL-01249,1.0,mg
PMBJP-562,MOL-01283,10.0,mg
PMBJP-563,MOL-01609,0.5,mg
PMBJP-564,MOL-02138,18.0,mcg
PMBJP-564,MOL-00899,12.0,mcg
PMBJP-565,MOL-02138,18.0,mcg
PMBJP-565,MOL-00899,12.0,mcg
PMBJP-565,MOL-00432,400.0,mcg
PMBJP-566,MOL-01124,250.0,mcg
PMBJP-567,MOL-00043,100.0,mcg
PMBJP-567,MOL-01124,20.0,mcg
PMBJP-568,MOL-01926,25.0,mcg
PMBJP-568,MOL-00890,250.0,mcg
PMBJP-569,MOL-01965,50.0,mg
PMBJP-570,MOL-02047,20.0,mg
PMBJP-571,MOL-02055,0.4,mg
PMBJP-571,MOL-00708,0.5,mg
PMBJP-574,MOL-01829,,
PMBJP-580,MOL-00955,,
PMBJP-580,MOL-01462,,
PMBJP-581,MOL-00309,500.0,mg
PMBJP-581,MOL-00308,0.25,mcg
PMBJP-581,MOL-02319,7.5,mg
PMBJP-582,MOL-02295,,
PMBJP-582,MOL-01432,,
PMBJP-583,MOL-00534,4.0,mg
PMBJP-585,MOL-00422,60000.0,iu
PMBJP-586,MOL-01331,1500.0,mcg
PMBJP-586,MOL-01185,500.0,mg
PMBJP-586,MOL-00893,1.5,mg
PMBJP-588,MOL-02290,400.0,mg
PMBJP-589,MOL-00309,500.0,mg
PMBJP-589,MOL-00308,0.25,mcg
PMBJP-590,MOL-01466,1000.0,mcg
PMBJP-590,MOL-01085,1.5,mg
PMBJP-591,MOL-01331,500.0,mcg
PMBJP-592,MOL-01186,,
PMBJP-592,MOL-01465,,
PMBJP-593,MOL-00893,15.0,mg
PMBJP-593,MOL-00524,500.0,mcg
PMBJP-593,MOL-01511,200.0,mg
PMBJP-594,MOL-00604,,
PMBJP-595,MOL-02110,100.0,mg
PMBJP-595,MOL-01815,1000.0,mcg
PMBJP-595,MOL-00523,3.0,ml
PMBJP-597,MOL-01815,50.0,mg
PMBJP-598,MOL-01776,75.0,mg
PMBJP-598,MOL-01331,750.0,mcg
PMBJP-599,MOL-01776,75.0,mg
PMBJP-601,MOL-00663,500.0,mg
PMBJP-603,MOL-00394,5.0,mg
PMBJP-603,MOL-01710,10.0,mg
PMBJP-603,MOL-00018,325.0,mg
PMBJP-608,MOL-00229,0.05,%
PMBJP-608,MOL-01924,3.0,%
PMBJP-609,MOL-01968,0.2,%
PMBJP-609,MOL-00408,0.2,%
PMBJP-610,MOL-00018,125.0,mg
PMBJP-610,MOL-01710,5.0,mg
PMBJP-610,MOL-00394,2.0,mg
PMBJP-611,MOL-00534,2.0,mg
PMBJP-612,MOL-01761,5.0,%
PMBJP-613,MOL-00619,50.0,mg
PMBJP-613,MOL-00018,325.0,mg
PMBJP-613,MOL-01957,10.0,mg
PMBJP-614,MOL-01637,,
PMBJP-614,MOL-00216,,
PMBJP-614,MOL-00405,,
PMBJP-614,MOL-02226,,
PMBJP-625,MOL-00281,8.0,mg
PMBJP-625,MOL-01710,5.0,mg
PMBJP-626,MOL-01175,2.0,%
PMBJP-627,MOL-00808,115.0,mg
PMBJP-627,MOL-02108,35.0,mg
PMBJP-628,MOL-00808,231.0,mg
PMBJP-628,MOL-02108,69.0,mg
PMBJP-629,MOL-01082,25.0,mg
PMBJP-630,MOL-01638,3.75,ml
PMBJP-630,MOL-01426,11.25,ml
PMBJP-631,MOL-00789,500.0,mg
PMBJP-632,MOL-00789,250.0,mg
PMBJP-633,MOL-00033,,
PMBJP-633,MOL-00460,,
PMBJP-634,MOL-00463,,
PMBJP-634,MOL-01501,,
PMBJP-634,MOL-01416,,
PMBJP-634,MOL-00410,,
PMBJP-637,MOL-00016,100.0,mg
PMBJP-637,MOL-00018,325.0,mg
PMBJP-637,MOL-00421,250.0,mg
PMBJP-639,MOL-02087,1.25,mg
PMBJP-639,MOL-00281,4.0,mg
PMBJP-639,MOL-00988,50.0,mg
PMBJP-639,MOL-01348,2.5,mg
PMBJP-640,MOL-01524,1.0,%
PMBJP-643,MOL-00018,125.0,mg
PMBJP-643,MOL-00416,1.0,mg
PMBJP-643,MOL-01982,60.0,mg
PMBJP-644,MOL-01710,5.0,mg
PMBJP-644,MOL-00416,2.0,mg
PMBJP-645,MOL-01523,100.0,mg
PMBJP-645,MOL-00018,325.0,mg
PMBJP-645,MOL-00421,375.0,mg
PMBJP-648,MOL-00621,,
PMBJP-648,MOL-01262,,
PMBJP-648,MOL-01386,,
PMBJP-648,MOL-01348,,
PMBJP-649,MOL-00626,10.0,mg
PMBJP-649,MOL-01973,40.0,mg
PMBJP-650,MOL-01334,500.0,mg
PMBJP-650,MOL-00018,325.0,mg
PMBJP-655,MOL-01681,7.5,mg
PMBJP-655,MOL-00917,12.5,mg
PMBJP-656,MOL-00614,,
PMBJP-656,MOL-01682,,
PMBJP-658,MOL-00408,,
PMBJP-658,MOL-00396,,
PMBJP-661,MOL-00936,,
PMBJP-661,MOL-00395,,
PMBJP-665,MOL-02287,,
PMBJP-665,MOL-00145,,
PMBJP-666,MOL-01699,22.75,mg
PMBJP-668,MOL-01463,,
PMBJP-669,MOL-00384,125.0,mg
PMBJP-670,MOL-00967,750.0,mg
PMBJP-670,MOL-00612,50.0,mg
PMBJP-670,MOL-01399,250.0,mg
PMBJP-671,MOL-00967,500.0,mg
PMBJP-671,MOL-00612,50.0,mg
PMBJP-672,MOL-01449,,
PMBJP-673,MOL-00245,10.0,mg
PMBJP-676,MOL-02182,0.1,%
PMBJP-677,MOL-00880,0.5,mg
PMBJP-679,MOL-01481,500.0,mg
PMBJP-680,MOL-00856,5.0,mg
PMBJP-681,MOL-01695,100.0,mg
PMBJP-682,MOL-01827,20.0,mg
PMBJP-682,MOL-00673,10.0,mg
PMBJP-683,MOL-01827,20.0,mg
PMBJP-683,MOL-01153,150.0,mg
PMBJP-685,MOL-01628,40.0,mg
PMBJP-685,MOL-01153,150.0,mg
PMBJP-686,MOL-01310,400.0,mg
PMBJP-686,MOL-01973,20.0,mg
PMBJP-687,MOL-01198,10.0,g
PMBJP-689,MOL-00476,100.0,mg
PMBJP-690,MOL-02132,0.5,%
PMBJP-691,MOL-01558,0.3,%
PMBJP-692,MOL-01567,0.1,%
PMBJP-693,MOL-02213,1.0,%
PMBJP-696,MOL-01748,5000.0,iu
PMBJP-696,MOL-00404,4.0,mg
PMBJP-696,MOL-00591,1.0,mg
PMBJP-697,MOL-02038,10.0,%
PMBJP-699,MOL-00031,3.0,%
PMBJP-701,MOL-01718,2.0,%
PMBJP-704,MOL-00389,125.0,mg
PMBJP-705,MOL-01242,500.0,mg
PMBJP-707,MOL-01731,10.0,mg
PMBJP-708,MOL-01731,20.0,mg
PMBJP-709,MOL-01732,20.0,mg
PMBJP-710,MOL-01732,40.0,mg
PMBJP-712,MOL-00018,250.0,mg
PMBJP-713,MOL-00972,5.0,mg
PMBJP-713,MOL-01368,500.0,mg
PMBJP-715,MOL-00973,,
PMBJP-717,MOL-00804,300.0,mg
PMBJP-718,MOL-00774,10.0,mg
PMBJP-718,MOL-00471,0.5,mg
PMBJP-720,MOL-01878,,
PMBJP-722,MOL-02305,5.0,ml
PMBJP-723,MOL-02305,10.0,ml
PMBJP-725,MOL-00605,5.0,%
PMBJP-726,MOL-00604,10.0,%
PMBJP-728,MOL-00604,,
PMBJP-728,MOL-01982,,
PMBJP-732,MOL-01982,,
PMBJP-733,MOL-01790,200.0,mg
PMBJP-734,MOL-00571,25.0,mg
PMBJP-736,MOL-01337,40.0,mg
PMBJP-739,MOL-00384,125.0,mg
PMBJP-740,MOL-00506,250.0,mg
PMBJP-741,MOL-00375,50.0,mg
PMBJP-746,MOL-02250,450.0,mg
PMBJP-747,MOL-00962,3.0,mg
PMBJP-748,MOL-00962,4.0,mg
PMBJP-752,MOL-00476,1.0,%
PMBJP-753,MOL-00476,,
PMBJP-753,MOL-00196,,
PMBJP-754,MOL-00476,,
PMBJP-754,MOL-00196,,
PMBJP-757,MOL-00384,1500.0,mg
PMBJP-759,MOL-01903,10.0,mg
PMBJP-762,MOL-01547,25.0,mg
PMBJP-764,MOL-00803,0.5,mg
PMBJP-766,MOL-01189,7.5,mg
PMBJP-767,MOL-01368,1000.0,mg
PMBJP-767,MOL-00962,2.0,mg
PMBJP-768,MOL-00019,250.0,mg
PMBJP-769,MOL-00024,325.0,mg
PMBJP-772,MOL-00035,3.0,mg
PMBJP-779,MOL-00069,100.0,mg
PMBJP-779,MOL-02289,1000.0,iu
PMBJP-779,MOL-00893,1.5,mg
PMBJP-779,MOL-01815,3.0,mg
PMBJP-779,MOL-01331,1500.0,mcg
PMBJP-781,MOL-00071,0.25,mg
PMBJP-781,MOL-00878,20.0,mg
PMBJP-784,MOL-00094,50.0,mg
PMBJP-785,MOL-00095,25.0,mg
PMBJP-786,MOL-00095,10.0,mg
PMBJP-788,MOL-00111,1.0,mg
PMBJP-790,MOL-00024,75.0,mg
PMBJP-791,MOL-00153,25.0,mg
PMBJP-791,MOL-00097,5.0,mg
PMBJP-793,MOL-00153,25.0,mg
PMBJP-796,MOL-00024,75.0,mg
PMBJP-796,MOL-00156,10.0,mg
PMBJP-797,MOL-00158,25.0,mg
PMBJP-800,MOL-00185,250.0,iu
PMBJP-800,MOL-01501,5.0,mg
PMBJP-800,MOL-02038,60.0,mg
PMBJP-804,MOL-00229,4.0,mg
PMBJP-806,MOL-00235,50.0,mg
PMBJP-807,MOL-00249,30.0,%
PMBJP-807,MOL-01141,70.0,%
PMBJP-809,MOL-00261,3.5,mg
PMBJP-811,MOL-00280,,
PMBJP-812,MOL-00283,2.5,mg
PMBJP-814,MOL-00300,0.5,mg
PMBJP-815,MOL-00308,0.25,mcg
PMBJP-816,MOL-00309,667.0,mg
PMBJP-817,MOL-00309,1250.0,mg
PMBJP-817,MOL-02289,250.0,iu
PMBJP-817,MOL-02320,40.0,mg
PMBJP-817,MOL-01314,1.8,mg
PMBJP-817,MOL-02319,7.5,mg
PMBJP-818,MOL-00309,10.0,%
PMBJP-821,MOL-00352,6.25,mg
PMBJP-829,MOL-00404,,
PMBJP-830,MOL-00407,10.0,mg
PMBJP-830,MOL-02193,1.0,mg
PMBJP-832,MOL-00420,12.5,mg
PMBJP-833,MOL-00422,800.0,iu
PMBJP-834,MOL-00422,400.0,iu
PMBJP-835,MOL-00967,500.0,mg
PMBJP-835,MOL-00426,400.0,mg
PMBJP-837,MOL-00437,20.0,mg
PMBJP-838,MOL-00438,50.0,mg
PMBJP-840,MOL-00450,500.0,mg
PMBJP-844,MOL-00471,1.0,mg
PMBJP-850,MOL-00531,50.0,mg
PMBJP-851,MOL-00540,200.0,mg
PMBJP-853,MOL-00562,20.0,mg
PMBJP-860,MOL-00602,13.5,mg
PMBJP-864,MOL-00604,,
PMBJP-865,MOL-00612,50.0,mg
PMBJP-866,MOL-00616,5.0,mg
PMBJP-868,MOL-00626,10.0,mg
PMBJP-875,MOL-00674,10.0,mg
PMBJP-878,MOL-00699,80.0,mg
PMBJP-878,MOL-01334,250.0,mg
PMBJP-879,MOL-00699,40.0,mg
PMBJP-881,MOL-00712,10.0,mg
PMBJP-882,MOL-00722,600.0,mg
PMBJP-884,MOL-00771,125.0,mg
PMBJP-885,MOL-00795,0.05,mg
PMBJP-885,MOL-01247,0.25,mg
PMBJP-888,MOL-00827,40.0,mg
PMBJP-889,MOL-00827,80.0,mg
PMBJP-897,MOL-00899,6.0,mcg
PMBJP-897,MOL-00890,250.0,mcg
PMBJP-899,MOL-00919,20.0,mg
PMBJP-899,MOL-02015,50.0,mg
PMBJP-900,MOL-00921,100.0,mg
PMBJP-900,MOL-01331,500.0,mcg
PMBJP-901,MOL-00921,300.0,mg
PMBJP-904,MOL-01368,500.0,mg
PMBJP-904,MOL-00962,1.0,mg
PMBJP-906,MOL-01534,2.6,mg
PMBJP-910,MOL-01022,5000.0,iu
PMBJP-911,MOL-01346,75.0,iu
PMBJP-912,MOL-01033,12.5,mg
PMBJP-913,MOL-01036,100.0,mg
PMBJP-915,MOL-01047,10.0,mg
PMBJP-916,MOL-01065,400.0,mg
PMBJP-917,MOL-01069,25.0,mg
PMBJP-920,MOL-02000,100.0,iu
PMBJP-922,MOL-01143,70.0,%
PMBJP-923,MOL-01148,20.0,mg
PMBJP-924,MOL-01150,10.0,mg
PMBJP-926,MOL-01175,2.0,%
PMBJP-931,MOL-01200,100.0,mg
PMBJP-933,MOL-01213,20.0,mg
PMBJP-934,MOL-01215,10.0,mg
PMBJP-935,MOL-01220,2.5,mg
PMBJP-936,MOL-01223,3.75,mg
PMBJP-938,MOL-01236,1.0,g
PMBJP-939,MOL-01235,500.0,mg
PMBJP-944,MOL-01249,50.0,mcg
PMBJP-945,MOL-01250,25.0,mg
PMBJP-946,MOL-01253,2.0,%
PMBJP-947,MOL-01272,450.0,mg
PMBJP-948,MOL-01284,1.0,mg
PMBJP-949,MOL-01284,2.0,mg
PMBJP-951,MOL-01304,,
PMBJP-951,MOL-01461,,
PMBJP-954,MOL-01332,10.0,mg
PMBJP-955,MOL-01334,50.0,mg
PMBJP-955,MOL-00018,125.0,mg
PMBJP-956,MOL-01335,250.0,mg
PMBJP-957,MOL-01344,10.0,mg
PMBJP-960,MOL-01368,850.0,mg
PMBJP-965,MOL-01416,,
PMBJP-965,MOL-00872,,
PMBJP-968,MOL-01438,15.0,mg
PMBJP-972,MOL-01470,500.0,mg
PMBJP-974,MOL-01493,100.0,mg
PMBJP-975,MOL-01495,5.0,mg
PMBJP-975,MOL-01033,12.5,mg
PMBJP-976,MOL-01495,2.5,mg
PMBJP-978,MOL-01504,0.1,%
PMBJP-986,MOL-01531,10.0,mg
PMBJP-987,MOL-01533,100.0,mg
PMBJP-990,MOL-01560,10.0,mg
PMBJP-991,MOL-01560,5.0,mg
PMBJP-992,MOL-01564,20.0,mg
PMBJP-993,MOL-01578,2.0,mg
PMBJP-994,MOL-01595,50.0,mg
PMBJP-996,MOL-01600,300.0,mg
PMBJP-997,MOL-01617,100.0,mg
PMBJP-999,MOL-01646,37.5,mg
PMBJP-1003,MOL-01688,5.0,%
PMBJP-1005,MOL-01700,30.0,mg
PMBJP-1008,MOL-01716,1.0,mg
PMBJP-1009,MOL-01724,15.0,mg
PMBJP-1011,MOL-01728,500.0,mg
PMBJP-1012,MOL-01728,400.0,mg
PMBJP-1024,MOL-01793,25.0,mg
PMBJP-1026,MOL-01799,10.0,mg
PMBJP-1029,MOL-01811,1000.0,mg
PMBJP-1031,MOL-01820,200.0,mg
PMBJP-1032,MOL-01820,100.0,mg
PMBJP-1037,MOL-00772,4000.0,iu
PMBJP-1038,MOL-00772,2000.0,iu
PMBJP-1041,MOL-01884,4.0,mg
PMBJP-1041,MOL-02197,2.0,mg
PMBJP-1042,MOL-01884,4.0,mg
PMBJP-1044,MOL-01903,5.0,mg
PMBJP-1049,MOL-01959,50.0,mg
PMBJP-1050,MOL-01959,100.0,mg
PMBJP-1051,MOL-01959,25.0,mg
PMBJP-1059,MOL-02251,200.0,mg
PMBJP-1060,MOL-02251,300.0,mg
PMBJP-1062,MOL-01997,400.0,mg
PMBJP-1068,MOL-02025,1.0,g
PMBJP-1068,MOL-01601,10.0,mg
PMBJP-1069,MOL-02038,20.0,%
PMBJP-1072,MOL-02055,0.4,mg
PMBJP-1073,MOL-02072,40.0,mg
PMBJP-1073,MOL-01407,25.0,mg
PMBJP-1074,MOL-02072,80.0,mg
PMBJP-1074,MOL-01033,12.5,mg
PMBJP-1075,MOL-02078,20.0,mg
PMBJP-1076,MOL-02082,300.0,mg
PMBJP-1081,MOL-02145,2.0,mg
PMBJP-1087,MOL-02198,2.0,mg
PMBJP-1088,MOL-02199,35.0,mg
PMBJP-1091,MOL-02260,4.0,mg
PMBJP-1097,MOL-02281,25000.0,iu
PMBJP-1098,MOL-01368,500.0,mg
PMBJP-1098,MOL-02296,0.2,mg
PMBJP-1099,MOL-01368,500.0,mg
PMBJP-1099,MOL-02296,0.3,mg
PMBJP-1104,MOL-02323,4.0,mg
PMBJP-1105,MOL-02325,10.0,mg
PMBJP-1106,MOL-01407,50.0,mg
PMBJP-1106,MOL-02072,40.0,mg
PMBJP-1108,MOL-01965,100.0,mg
PMBJP-1110,MOL-00462,5.0,mg
PMBJP-1111,MOL-00921,400.0,mg
PMBJP-1111,MOL-01547,10.0,mg
PMBJP-1112,MOL-00443,25.0,mg
PMBJP-1114,MOL-01459,0.5,%
PMBJP-1123,MOL-00470,75.0,mg
PMBJP-1124,MOL-00892,100.0,mg
PMBJP-1125,MOL-00138,5.0,mg
PMBJP-1129,MOL-02078,20.0,mg
PMBJP-1129,MOL-01368,500.0,mg
PMBJP-1130,MOL-02078,20.0,mg
PMBJP-1130,MOL-01368,1000.0,mg
PMBJP-1131,MOL-01493,200.0,mg
PMBJP-1135,MOL-00612,50.0,mg
PMBJP-1135,MOL-00967,750.0,mg
PMBJP-1149,MOL-01270,10.0,mg
PMBJP-1152,MOL-00333,200.0,mg
PMBJP-1154,MOL-00630,100.0,mg
PMBJP-1156,MOL-01407,25.0,mg
PMBJP-1156,MOL-00097,5.0,mg
PMBJP-1157,MOL-00691,20.0,mg
PMBJP-1157,MOL-01815,20.0,mg
PMBJP-1162,MOL-00229,0.1,%
PMBJP-1164,MOL-01486,50.0,mg
PMBJP-1166,MOL-01334,250.0,mg
PMBJP-1167,MOL-01334,500.0,mg
PMBJP-1168,MOL-01177,30.0,mg
PMBJP-1170,MOL-00023,200.0,mg
PMBJP-1178,MOL-00888,500.0,mg
PMBJP-1181,MOL-00341,150.0,mg
PMBJP-1182,MOL-00341,450.0,mg
PMBJP-1183,MOL-00529,500.0,mg
PMBJP-1186,MOL-00532,25.0,mg
PMBJP-1187,MOL-00533,100.0,mg
PMBJP-1191,MOL-00976,0.2,mg
PMBJP-1199,MOL-01046,500.0,mg
PMBJP-1201,MOL-01060,1.0,g
PMBJP-1203,MOL-01803,10.0,mg
PMBJP-1211,MOL-00667,80.0,mg
PMBJP-1212,MOL-00667,120.0,mg
PMBJP-1213,MOL-00767,150.0,mg
PMBJP-1214,MOL-00942,250.0,mg
PMBJP-1215,MOL-01666,100.0,mg
PMBJP-1216,MOL-01666,500.0,mg
PMBJP-1217,MOL-02075,100.0,mg
PMBJP-1218,MOL-02075,250.0,mg
PMBJP-1219,MOL-00086,,
PMBJP-1220,MOL-01588,75.0,mg
PMBJP-1221,MOL-01251,50.0,mcg
PMBJP-1222,MOL-00142,80.0,mg
PMBJP-1222,MOL-01297,480.0,mg
PMBJP-1223,MOL-00340,50.0,mg
PMBJP-1223,MOL-00893,0.5,mg
PMBJP-1223,MOL-02319,61.8,mg
PMBJP-1225,MOL-01585,120.0,mg
PMBJP-1226,MOL-02182,40.0,mg
PMBJP-1227,MOL-02182,4.0,mg
PMBJP-1228,MOL-00921,300.0,mg
PMBJP-1228,MOL-00095,10.0,mg
PMBJP-1231,MOL-02290,200.0,mg
PMBJP-1231,MOL-01235,150.0,mg
PMBJP-1232,MOL-01549,1.83,mg
PMBJP-1236,MOL-00041,400.0,mg
PMBJP-1237,MOL-01390,500.0,mg
PMBJP-1238,MOL-01771,2.5,mg
PMBJP-1240,MOL-00961,80.0,mg
PMBJP-1240,MOL-01368,500.0,mg
PMBJP-1241,MOL-00356,250.0,mg
PMBJP-1246,MOL-00864,150.0,mg
PMBJP-1248,MOL-00996,32.0,mg
PMBJP-1248,MOL-00893,0.5,mg
PMBJP-1248,MOL-02286,7.5,mcg
PMBJP-1251,MOL-02286,100.0,mg
PMBJP-1252,MOL-00309,82.0,mg
PMBJP-1252,MOL-02289,200.0,iu
PMBJP-1252,MOL-02286,2.5,mcg
PMBJP-1254,MOL-00655,15.0,mg
PMBJP-1254,MOL-00098,150.0,mg
PMBJP-1254,MOL-01982,85.0,mg
PMBJP-1254,MOL-01349,2.6,mg
PMBJP-1255,MOL-00014,200.0,mg
PMBJP-1255,MOL-01453,10.0,mg
PMBJP-1257,MOL-00060,5.0,mg
PMBJP-1261,MOL-00085,2.5,mg
PMBJP-1261,MOL-01033,25.0,mg
PMBJP-1263,MOL-00105,500.0,mg
PMBJP-1281,MOL-00407,10.0,mg
PMBJP-1283,MOL-00420,6.25,mg
PMBJP-1284,MOL-00437,10.0,mg
PMBJP-1284,MOL-02072,40.0,mg
PMBJP-1285,MOL-00442,1.0,mg
PMBJP-1297,MOL-01839,150.0,mg
PMBJP-1297,MOL-00673,10.0,mg
PMBJP-1298,MOL-00674,5.0,mg
PMBJP-1301,MOL-00699,80.0,mg
PMBJP-1301,MOL-00016,100.0,mg
PMBJP-1302,MOL-00705,20.0,mg
PMBJP-1306,MOL-00773,5.0,mg
PMBJP-1306,MOL-00471,0.5,mg
PMBJP-1307,MOL-00795,0.03,mg
PMBJP-1307,MOL-00585,0.15,mg
PMBJP-1308,MOL-00795,0.03,mg
PMBJP-1308,MOL-01247,0.15,mg
PMBJP-1310,MOL-00826,200.0,mg
PMBJP-1311,MOL-00833,145.0,mg
PMBJP-1312,MOL-00858,200.0,mg
PMBJP-1315,MOL-00890,27.5,mcg
PMBJP-1319,MOL-00921,100.0,mg
PMBJP-1328,MOL-01150,5.0,mg
PMBJP-1341,MOL-01322,100.0,mg
PMBJP-1342,MOL-01323,200.0,mg
PMBJP-1344,MOL-01359,1000.0,mg
PMBJP-1344,MOL-02028,500.0,mg
PMBJP-1345,MOL-01359,500.0,mg
PMBJP-1348,MOL-01397,4.0,mg
PMBJP-1353,MOL-01438,7.5,mg
PMBJP-1354,MOL-01444,200.0,mg
PMBJP-1359,MOL-01488,250.0,mg
PMBJP-1367,MOL-01564,20.0,mg
PMBJP-1367,MOL-00097,5.0,mg
PMBJP-1367,MOL-01033,12.5,mg
PMBJP-1368,MOL-01564,20.0,mg
PMBJP-1368,MOL-01033,12.5,mg
PMBJP-1375,MOL-01700,60.0,mg
PMBJP-1382,MOL-01768,10.0,mg
PMBJP-1383,MOL-01776,75.0,mg
PMBJP-1383,MOL-01547,10.0,mg
PMBJP-1384,MOL-01820,25.0,mg
PMBJP-1392,MOL-00024,75.0,mg
PMBJP-1392,MOL-01903,10.0,mg
PMBJP-1393,MOL-01903,10.0,mg
PMBJP-1393,MOL-00473,75.0,mg
PMBJP-1396,MOL-01958,,
PMBJP-1408,MOL-02055,0.4,mg
PMBJP-1408,MOL-00856,5.0,mg
PMBJP-1409,MOL-02067,400.0,mg
PMBJP-1410,MOL-02072,40.0,mg
PMBJP-1410,MOL-00097,5.0,mg
PMBJP-1410,MOL-01033,12.5,mg
PMBJP-1411,MOL-02072,40.0,mg
PMBJP-1411,MOL-00420,6.25,mg
PMBJP-1414,MOL-02091,1000.0,mcg
PMBJP-1417,MOL-02114,4.0,mg
PMBJP-1418,MOL-02128,50.0,mg
PMBJP-1427,MOL-02217,48.0,mg
PMBJP-1427,MOL-00279,90.0,mg
PMBJP-1427,MOL-01913,100.0,mg
PMBJP-1431,MOL-02249,8.0,mg
PMBJP-1432,MOL-02146,,
PMBJP-1435,MOL-00325,500.0,mg
PMBJP-1437,MOL-00375,50.0,mg
PMBJP-1438,MOL-01368,500.0,mg
PMBJP-1438,MOL-00962,2.0,mg
PMBJP-1438,MOL-02296,0.2,mg
PMBJP-1441,MOL-01168,2.0,mg
PMBJP-1445,MOL-01163,,
PMBJP-1447,MOL-01167,250.0,g
PMBJP-1448,MOL-01200,100.0,mg
PMBJP-1449,MOL-00750,,
PMBJP-1450,MOL-01810,250.0,mg
PMBJP-1451,MOL-02108,400.0,mg
PMBJP-1452,MOL-01815,100.0,mg
PMBJP-1453,MOL-01227,100.0,mg
PMBJP-1454,MOL-02087,1.25,mg
PMBJP-1454,MOL-00080,15.0,mg
PMBJP-1454,MOL-00989,50.0,mg
PMBJP-1455,MOL-01181,3.0,g
PMBJP-1456,MOL-01154,200.0,mg
PMBJP-1457,MOL-01294,1.0,%
PMBJP-1458,MOL-01982,,
PMBJP-1460,MOL-01097,,
PMBJP-1461,MOL-02274,50.0,mg
PMBJP-1462,MOL-02274,50.0,mg
PMBJP-1462,MOL-01368,500.0,mg
PMBJP-1463,MOL-02274,50.0,mg
PMBJP-1463,MOL-01368,1000.0,mg
PMBJP-1472,MOL-01167,250.0,g
PMBJP-1473,MOL-00408,0.5,%
PMBJP-1474,MOL-00408,0.5,%
PMBJP-1475,MOL-00408,0.5,%
PMBJP-1476,MOL-01043,400.0,mg
PMBJP-1479,MOL-00320,100.0,mg
PMBJP-1480,MOL-01368,500.0,mg
PMBJP-1480,MOL-00962,0.5,mg
PMBJP-1481,MOL-01368,1000.0,mg
PMBJP-1481,MOL-00962,1.0,mg
PMBJP-1482,MOL-01368,1000.0,mg
PMBJP-1482,MOL-00962,3.0,mg
PMBJP-1483,MOL-01368,1000.0,mg
PMBJP-1483,MOL-00962,4.0,mg
PMBJP-1485,MOL-01360,1200.0,mg
PMBJP-1487,MOL-01950,2.5,%
PMBJP-1488,MOL-00013,25.0,mg
PMBJP-1489,MOL-00014,100.0,mg
PMBJP-1489,MOL-00023,600.0,mg
PMBJP-1490,MOL-00014,200.0,mg
PMBJP-1492,MOL-00016,200.0,mg
PMBJP-1492,MOL-01827,20.0,mg
PMBJP-1493,MOL-00016,100.0,mg
PMBJP-1493,MOL-00018,325.0,mg
PMBJP-1493,MOL-02114,4.0,mg
PMBJP-1495,MOL-00016,100.0,mg
PMBJP-1495,MOL-00018,325.0,mg
PMBJP-1495,MOL-02145,2.0,mg
PMBJP-1496,MOL-00031,400.0,mg
PMBJP-1497,MOL-00025,25.0,mg
PMBJP-1498,MOL-00027,100.0,mg
PMBJP-1499,MOL-00032,40.0,mg
PMBJP-1500,MOL-00038,40.0,mg
PMBJP-1501,MOL-00077,100.0,mg
PMBJP-1502,MOL-00093,100.0,mg
PMBJP-1503,MOL-00097,5.0,mg
PMBJP-1503,MOL-00254,5.0,mg
PMBJP-1504,MOL-00100,0.25,%
PMBJP-1505,MOL-00102,400.0,mg
PMBJP-1505,MOL-00455,57.0,mg
PMBJP-1506,MOL-00102,80.0,mg
PMBJP-1506,MOL-00455,11.4,mg
PMBJP-1507,MOL-00102,250.0,mg
PMBJP-1507,MOL-00623,250.0,mg
PMBJP-1507,MOL-01195,250.0,mg
PMBJP-1508,MOL-00105,250.0,mg
PMBJP-1508,MOL-00478,250.0,mg
PMBJP-1509,MOL-00105,250.0,mg
PMBJP-1509,MOL-00610,250.0,mg
PMBJP-1510,MOL-00117,300.0,mcg
PMBJP-1511,MOL-00123,,
PMBJP-1512,MOL-00131,10.0,mg
PMBJP-1513,MOL-00131,20.0,mg
PMBJP-1514,MOL-00131,30.0,mg
PMBJP-1515,MOL-00156,10.0,mg
PMBJP-1515,MOL-00024,150.0,mg
PMBJP-1516,MOL-00156,20.0,mg
PMBJP-1516,MOL-00473,75.0,mg
PMBJP-1517,MOL-00156,20.0,mg
PMBJP-1517,MOL-00473,75.0,mg
PMBJP-1517,MOL-00024,20.0,mg
PMBJP-1518,MOL-00176,40.0,mg
PMBJP-1518,MOL-00420,6.25,mg
PMBJP-1519,MOL-00176,40.0,mg
PMBJP-1519,MOL-00420,12.5,mg
PMBJP-1520,MOL-00176,40.0,mg
PMBJP-1521,MOL-00177,200.0,mg
PMBJP-1522,MOL-00196,,
PMBJP-1522,MOL-00476,,
PMBJP-1523,MOL-00196,,
PMBJP-1523,MOL-00476,,
PMBJP-1524,MOL-00224,10.0,mg
PMBJP-1525,MOL-00228,16.0,mg
PMBJP-1526,MOL-00228,24.0,mg
PMBJP-1527,MOL-00229,,
PMBJP-1527,MOL-00947,,
PMBJP-1527,MOL-01416,,
PMBJP-1528,MOL-00239,20.0,mg
PMBJP-1529,MOL-00242,0.01,%
PMBJP-1530,MOL-00242,0.03,%
PMBJP-1531,MOL-00254,2.5,mg
PMBJP-1532,MOL-00265,100.0,iu
PMBJP-1533,MOL-00275,,
PMBJP-1533,MOL-02132,,
PMBJP-1534,MOL-00275,0.1,%
PMBJP-1536,MOL-00308,0.25,mcg
PMBJP-1536,MOL-00309,200.0,mg
PMBJP-1537,MOL-00309,,
PMBJP-1537,MOL-02289,,
PMBJP-1538,MOL-00309,250.0,mg
PMBJP-1538,MOL-00308,0.25,mcg
PMBJP-1538,MOL-02291,50.0,mcg
PMBJP-1539,MOL-00309,50.0,mg
PMBJP-1539,MOL-00314,87.5,mg
PMBJP-1540,MOL-00309,500.0,mg
PMBJP-1540,MOL-02289,500.0,iu
PMBJP-1541,MOL-00309,1250.0,mg
PMBJP-1541,MOL-00308,0.25,mcg
PMBJP-1541,MOL-02291,45.0,mcg
PMBJP-1542,MOL-00315,,
PMBJP-1542,MOL-02289,,
PMBJP-1543,MOL-00319,25.0,mg
PMBJP-1543,MOL-00018,300.0,mg
PMBJP-1544,MOL-00495,100.0,mg
PMBJP-1544,MOL-01303,4000.0,mcg
PMBJP-1544,MOL-01947,70.0,mcg
PMBJP-1544,MOL-01575,90.0,mg
PMBJP-1544,MOL-00609,60.0,mg
PMBJP-1545,MOL-00343,1.0,%
PMBJP-1548,MOL-00368,100.0,mg
PMBJP-1549,MOL-00368,25.0,mg
PMBJP-1551,MOL-00371,1.0,g
PMBJP-1551,MOL-02028,500.0,mg
PMBJP-1552,MOL-00371,2.0,g
PMBJP-1552,MOL-02028,1.0,g
PMBJP-1553,MOL-00375,100.0,mg
PMBJP-1554,MOL-00383,250.0,mg
PMBJP-1554,MOL-02062,31.25,mg
PMBJP-1555,MOL-00383,2.0,g
PMBJP-1556,MOL-00389,750.0,mg
PMBJP-1557,MOL-00390,30.0,mg
PMBJP-1558,MOL-00390,60.0,mg
PMBJP-1559,MOL-00404,250.0,mg
PMBJP-1560,MOL-00404,500.0,mg
PMBJP-1562,MOL-00407,5.0,mg
PMBJP-1562,MOL-00095,12.5,mg
PMBJP-1564,MOL-00422,60000.0,iu
PMBJP-1565,MOL-00437,10.0,mg
PMBJP-1566,MOL-00437,5.0,mg
PMBJP-1567,MOL-01628,40.0,mg
PMBJP-1567,MOL-00442,3.0,mg
PMBJP-1568,MOL-00443,75.0,mg
PMBJP-1569,MOL-00445,0.3,%
PMBJP-1569,MOL-00591,0.1,%
PMBJP-1570,MOL-00450,500.0,mg
PMBJP-1570,MOL-01728,800.0,mg
PMBJP-1571,MOL-00459,2.5,mg
PMBJP-1571,MOL-00407,5.0,mg
PMBJP-1571,MOL-00626,10.0,mg
PMBJP-1572,MOL-00460,,
PMBJP-1572,MOL-01511,,
PMBJP-1574,MOL-00462,10.0,mg
PMBJP-1575,MOL-00463,,
PMBJP-1575,MOL-00947,,
PMBJP-1576,MOL-00463,,
PMBJP-1576,MOL-01416,,
PMBJP-1577,MOL-00463,,
PMBJP-1577,MOL-01501,,
PMBJP-1578,MOL-00463,,
PMBJP-1578,MOL-01924,,
PMBJP-1579,MOL-00463,,
PMBJP-1579,MOL-01924,,
PMBJP-1580,MOL-00463,,
PMBJP-1580,MOL-00947,,
PMBJP-1580,MOL-01416,,
PMBJP-1581,MOL-00473,75.0,mg
PMBJP-1581,MOL-00024,150.0,mg
PMBJP-1582,MOL-00476,1.0,%
PMBJP-1582,MOL-01950,2.5,%
PMBJP-1583,MOL-00476,1.0,%
PMBJP-1584,MOL-00495,,
PMBJP-1584,MOL-01185,,
PMBJP-1585,MOL-00499,,
PMBJP-1586,MOL-00499,,
PMBJP-1587,MOL-00500,12.5,mg
PMBJP-1588,MOL-00501,40.0,mg
PMBJP-1588,MOL-01988,30.0,mg
PMBJP-1588,MOL-00426,200.0,mg
PMBJP-1588,MOL-00145,35.0,mg
PMBJP-1589,MOL-00506,500.0,mg
PMBJP-1589,MOL-01628,40.0,mg
PMBJP-1589,MOL-00102,750.0,mg
PMBJP-1590,MOL-00538,110.0,mg
PMBJP-1591,MOL-00538,150.0,mg
PMBJP-1592,MOL-00551,10.0,mg
PMBJP-1593,MOL-00583,5.0,mg
PMBJP-1593,MOL-01453,10.0,mg
PMBJP-1594,MOL-00620,1.16,%
PMBJP-1594,MOL-02113,0.125,%
PMBJP-1594,MOL-01262,3.0,%
PMBJP-1594,MOL-01398,10.0,%
PMBJP-1594,MOL-01348,5.0,%
PMBJP-1596,MOL-00619,50.0,mg
PMBJP-1596,MOL-01367,400.0,mg
PMBJP-1597,MOL-00619,75.0,mg
PMBJP-1598,MOL-01623,170.0,mg
PMBJP-1598,MOL-01994,15000.0,iu
PMBJP-1599,MOL-00647,120.0,mg
PMBJP-1600,MOL-00654,500.0,mg
PMBJP-1601,MOL-00656,2.5,mg
PMBJP-1601,MOL-00159,0.025,mg
PMBJP-1602,MOL-02251,500.0,mg
PMBJP-1603,MOL-00679,2.0,%
PMBJP-1603,MOL-02132,0.5,%
PMBJP-1604,MOL-00679,2.0,%
PMBJP-1605,MOL-00680,25.0,mg
PMBJP-1606,MOL-00681,75.0,mg
PMBJP-1607,MOL-00699,80.0,mg
PMBJP-1608,MOL-00722,600.0,mg
PMBJP-1608,MOL-00737,200.0,mg
PMBJP-1608,MOL-02082,300.0,mg
PMBJP-1611,MOL-00737,200.0,mg
PMBJP-1611,MOL-02082,300.0,mg
PMBJP-1612,MOL-00747,0.5,mg
PMBJP-1613,MOL-00756,25.0,mg
PMBJP-1615,MOL-00771,500.0,mg
PMBJP-1617,MOL-00810,60.0,mg
PMBJP-1617,MOL-00018,325.0,mg
PMBJP-1618,MOL-00810,60.0,mg
PMBJP-1618,MOL-02114,4.0,mg
PMBJP-1619,MOL-00812,,
PMBJP-1619,MOL-01348,,
PMBJP-1619,MOL-01386,,
PMBJP-1619,MOL-02119,,
PMBJP-1620,MOL-00813,1000.0,mg
PMBJP-1621,MOL-00813,500.0,mg
PMBJP-1622,MOL-00843,100.0,mg
PMBJP-1622,MOL-00893,1.5,mg
PMBJP-1622,MOL-02319,22.5,mg
PMBJP-1623,MOL-00851,30.0,mg
PMBJP-1624,MOL-00880,0.5,mg
PMBJP-1624,MOL-01340,10.0,mg
PMBJP-1625,MOL-00890,0.05,%
PMBJP-1626,MOL-00899,6.0,mcg
PMBJP-1626,MOL-00287,200.0,mcg
PMBJP-1627,MOL-00899,6.0,mcg
PMBJP-1627,MOL-00287,400.0,mcg
PMBJP-1628,MOL-00899,12.0,mcg
PMBJP-1628,MOL-00287,400.0,mcg
PMBJP-1630,MOL-00899,6.0,mcg
PMBJP-1630,MOL-00287,400.0,mcg
PMBJP-1631,MOL-00899,20.0,mcg
PMBJP-1631,MOL-00288,0.5,mg
PMBJP-1632,MOL-00899,20.0,mcg
PMBJP-1632,MOL-00288,1.0,mg
PMBJP-1633,MOL-00899,6.0,mcg
PMBJP-1633,MOL-00890,250.0,mcg
PMBJP-1635,MOL-00910,1.0,%
PMBJP-1636,MOL-00916,,
PMBJP-1637,MOL-00915,180.0,mg
PMBJP-1637,MOL-01630,60.0,mg
PMBJP-1637,MOL-00029,75.0,mg
PMBJP-1638,MOL-00920,2.0,%
PMBJP-1638,MOL-00229,0.1,%
PMBJP-1639,MOL-00921,100.0,mg
PMBJP-1639,MOL-01548,10.0,mg
PMBJP-1640,MOL-00921,300.0,mg
PMBJP-1640,MOL-01331,500.0,mcg
PMBJP-1643,MOL-00957,100.0,iu
PMBJP-1644,MOL-00972,5.0,mg
PMBJP-1644,MOL-01368,500.0,mg
PMBJP-1644,MOL-01724,15.0,mg
PMBJP-1645,MOL-00961,60.0,mg
PMBJP-1645,MOL-01368,500.0,mg
PMBJP-1646,MOL-01368,500.0,mg
PMBJP-1646,MOL-00962,2.0,mg
PMBJP-1646,MOL-01724,15.0,mg
PMBJP-1647,MOL-01368,850.0,mg
PMBJP-1647,MOL-00962,3.0,mg
PMBJP-1650,MOL-00967,750.0,mg
PMBJP-1650,MOL-00426,100.0,mg
PMBJP-1651,MOL-00968,,
PMBJP-1651,MOL-01432,,
PMBJP-1657,MOL-00988,50.0,mg
PMBJP-1657,MOL-02087,1.25,mg
PMBJP-1657,MOL-00282,2.0,mg
PMBJP-1659,MOL-01026,5.0,%
PMBJP-1660,MOL-01026,16.5,%
PMBJP-1661,MOL-01045,0.3,%
PMBJP-1662,MOL-01047,25.0,mg
PMBJP-1663,MOL-01941,10.0,mg
PMBJP-1663,MOL-01334,250.0,mg
PMBJP-1664,MOL-01054,100.0,mg
PMBJP-1664,MOL-01635,162.5,mg
PMBJP-1665,MOL-01071,110.0,mcg
PMBJP-1665,MOL-00977,50.0,mcg
PMBJP-1666,MOL-01093,100.0,iu
PMBJP-1667,MOL-01096,100.0,iu
PMBJP-1668,MOL-00340,100.0,mg
PMBJP-1668,MOL-00893,1.5,mg
PMBJP-1668,MOL-02286,15.0,mcg
PMBJP-1669,MOL-01144,20.0,mg
PMBJP-1669,MOL-01032,37.5,mg
PMBJP-1670,MOL-01149,20.0,mg
PMBJP-1671,MOL-01156,5.0,mg
PMBJP-1672,MOL-01175,2.0,%
PMBJP-1673,MOL-01189,2.8,mg
PMBJP-1673,MOL-01814,25.0,mg
PMBJP-1673,MOL-01331,2.0,mg
PMBJP-1674,MOL-01189,1.0,mg
PMBJP-1674,MOL-01814,0.5,mg
PMBJP-1674,MOL-01331,1500.0,mcg
PMBJP-1675,MOL-01191,5.0,g
PMBJP-1676,MOL-01196,10.0,g
PMBJP-1676,MOL-01809,3.5,g
PMBJP-1678,MOL-01185,340.0,mg
PMBJP-1678,MOL-02229,50.0,mg
PMBJP-1678,MOL-02319,5.0,mg
PMBJP-1678,MOL-01303,2.5,mg
PMBJP-1678,MOL-00150,8.0,mg
PMBJP-1679,MOL-01210,1000.0,mg
PMBJP-1680,MOL-01227,1000.0,mg
PMBJP-1681,MOL-01227,250.0,mg
PMBJP-1682,MOL-01227,750.0,mg
PMBJP-1683,MOL-01237,10.0,mg
PMBJP-1684,MOL-01240,100.0,mg
PMBJP-1684,MOL-00337,25.0,mg
PMBJP-1685,MOL-01241,30.0,mg
PMBJP-1685,MOL-00416,2.0,mg
PMBJP-1686,MOL-01249,100.0,mcg
PMBJP-1686,MOL-00196,100.0,mcg
PMBJP-1687,MOL-01249,100.0,mcg
PMBJP-1687,MOL-00196,50.0,mcg
PMBJP-1688,MOL-01249,100.0,mcg
PMBJP-1688,MOL-00196,200.0,mcg
PMBJP-1689,MOL-01249,1.25,mg
PMBJP-1689,MOL-00287,0.5,mg
PMBJP-1690,MOL-01249,100.0,mcg
PMBJP-1690,MOL-01125,40.0,mcg
PMBJP-1692,MOL-01249,0.63,mg
PMBJP-1694,MOL-01256,2.5,mg
PMBJP-1694,MOL-01368,1000.0,mg
PMBJP-1695,MOL-01256,2.5,mg
PMBJP-1695,MOL-01368,500.0,mg
PMBJP-1696,MOL-01256,5.0,mg
PMBJP-1697,MOL-01261,300.0,mg
PMBJP-1699,MOL-01268,6.0,mg
PMBJP-1700,MOL-01320,,
PMBJP-1700,MOL-01907,,
PMBJP-1701,MOL-01336,540.0,mg
PMBJP-1701,MOL-01973,50.0,mg
PMBJP-1701,MOL-01601,10.0,mg
PMBJP-1703,MOL-01364,500.0,mg
PMBJP-1703,MOL-01971,140.0,mg
PMBJP-1703,MOL-01190,150.0,mg
PMBJP-1704,MOL-01331,1500.0,mcg
PMBJP-1704,MOL-00068,100.0,mg
PMBJP-1704,MOL-00179,10.0,mg
PMBJP-1706,MOL-01407,50.0,mg
PMBJP-1706,MOL-01836,5.0,mg
PMBJP-1707,MOL-01407,50.0,mg
PMBJP-1708,MOL-01407,25.0,mg
PMBJP-1709,MOL-01435,5.0,%
PMBJP-1710,MOL-01435,5.0,%
PMBJP-1710,MOL-00856,0.1,%
PMBJP-1711,MOL-01453,4.0,mg
PMBJP-1711,MOL-01237,2.5,mg
PMBJP-1714,MOL-01488,250.0,mg
PMBJP-1714,MOL-00673,10.0,mg
PMBJP-1715,MOL-01488,500.0,mg
PMBJP-1715,MOL-00673,10.0,mg
PMBJP-1716,MOL-01495,5.0,mg
PMBJP-1716,MOL-01917,2.5,mg
PMBJP-1717,MOL-01501,3400.0,iu
PMBJP-1717,MOL-01749,5000.0,iu
PMBJP-1717,MOL-00185,400.0,iu
PMBJP-1718,MOL-01514,10.0,mg
PMBJP-1719,MOL-01514,5.0,mg
PMBJP-1720,MOL-01518,1.0,mg
PMBJP-1721,MOL-01518,3.0,mg
PMBJP-1722,MOL-01518,4.0,mg
PMBJP-1723,MOL-01519,10.0,mg
PMBJP-1725,MOL-01524,100.0,mg
PMBJP-1725,MOL-00018,325.0,mg
PMBJP-1725,MOL-01957,15.0,mg
PMBJP-1726,MOL-00228,16.0,mg
PMBJP-1726,MOL-00953,30.0,mg
PMBJP-1727,MOL-01558,50.0,mg
PMBJP-1727,MOL-01586,125.0,mg
PMBJP-1729,MOL-01559,200.0,mg
PMBJP-1729,MOL-00858,200.0,mg
PMBJP-1730,MOL-01564,40.0,mg
PMBJP-1730,MOL-00097,5.0,mg
PMBJP-1730,MOL-01033,12.5,mg
PMBJP-1731,MOL-01564,20.0,mg
PMBJP-1731,MOL-00420,12.5,mg
PMBJP-1732,MOL-01564,40.0,mg
PMBJP-1732,MOL-00420,12.5,mg
PMBJP-1733,MOL-01576,20.0,mg
PMBJP-1733,MOL-00673,30.0,mg
PMBJP-1735,MOL-01583,10.0,mg
PMBJP-1737,MOL-01592,200.0,mg
PMBJP-1738,MOL-01191,150.0,mg
PMBJP-1738,MOL-01623,100.0,mg
PMBJP-1739,MOL-01623,,
PMBJP-1740,MOL-01623,,
PMBJP-1741,MOL-01628,20.0,mg
PMBJP-1741,MOL-00673,10.0,mg
PMBJP-1742,MOL-00018,1.0,g
PMBJP-1743,MOL-00018,100.0,mg
PMBJP-1744,MOL-00018,125.0,mg
PMBJP-1744,MOL-01710,2.5,mg
PMBJP-1744,MOL-00416,1.0,mg
PMBJP-1745,MOL-00018,125.0,mg
PMBJP-1745,MOL-01710,5.0,mg
PMBJP-1745,MOL-00416,1.0,mg
PMBJP-1747,MOL-00018,162.5,mg
PMBJP-1747,MOL-02169,18.75,mg
PMBJP-1749,MOL-00018,250.0,mg
PMBJP-1749,MOL-01710,5.0,mg
PMBJP-1749,MOL-00416,2.0,mg
PMBJP-1751,MOL-00018,500.0,mg
PMBJP-1751,MOL-00303,25.0,mg
PMBJP-1752,MOL-00018,500.0,mg
PMBJP-1752,MOL-00421,250.0,mg
PMBJP-1753,MOL-00018,500.0,mg
PMBJP-1753,MOL-01710,10.0,mg
PMBJP-1753,MOL-00416,2.0,mg
PMBJP-1755,MOL-00018,120.0,mg
PMBJP-1758,MOL-01710,5.0,mg
PMBJP-1758,MOL-00416,2.0,mg
PMBJP-1758,MOL-00602,10.0,mg
PMBJP-1759,MOL-01710,5.0,mg
PMBJP-1759,MOL-00416,2.0,mg
PMBJP-1759,MOL-00602,15.0,mg
PMBJP-1760,MOL-01728,800.0,mg
PMBJP-1761,MOL-01730,200.0,mg
PMBJP-1762,MOL-00318,15.0,g
PMBJP-1763,MOL-01771,5.0,mg
PMBJP-1764,MOL-01776,75.0,mg
PMBJP-1764,MOL-01331,1500.0,mcg
PMBJP-1764,MOL-01547,10.0,mg
PMBJP-1765,MOL-01776,75.0,mg
PMBJP-1765,MOL-01331,750.0,mcg
PMBJP-1769,MOL-01806,2.0,mg
PMBJP-1770,MOL-01806,1.0,mg
PMBJP-1772,MOL-01807,600.0,mg
PMBJP-1773,MOL-01825,250.0,mg
PMBJP-1774,MOL-01830,100.0,mg
PMBJP-1775,MOL-01407,25.0,mg
PMBJP-1775,MOL-01836,2.5,mg
PMBJP-1776,MOL-01837,5.0,mcg
PMBJP-1777,MOL-01839,75.0,mg
PMBJP-1778,MOL-01840,500.0,mg
PMBJP-1779,MOL-01861,18.0,mg
PMBJP-1780,MOL-01889,10.0,mg
PMBJP-1781,MOL-01889,20.0,mg
PMBJP-1782,MOL-01901,20.0,%
PMBJP-1782,MOL-00590,65.0,%
PMBJP-1782,MOL-00264,275.0,mg
PMBJP-1783,MOL-01903,20.0,mg
PMBJP-1783,MOL-00833,160.0,mg
PMBJP-1784,MOL-01903,40.0,mg
PMBJP-1785,MOL-01903,10.0,mg
PMBJP-1785,MOL-00024,75.0,mg
PMBJP-1785,MOL-00473,10.0,mg
PMBJP-1786,MOL-01903,20.0,mg
PMBJP-1786,MOL-00024,75.0,mg
PMBJP-1786,MOL-00473,20.0,mg
PMBJP-1787,MOL-01917,5.0,mg
PMBJP-1789,MOL-01917,2.5,mg
PMBJP-1789,MOL-00153,50.0,mg
PMBJP-1790,MOL-01919,250.0,mg
PMBJP-1791,MOL-01919,250.0,mg
PMBJP-1792,MOL-01921,24.0,mg
PMBJP-1792,MOL-02253,26.0,mg
PMBJP-1793,MOL-01921,49.0,mg
PMBJP-1793,MOL-02253,51.0,mg
PMBJP-1794,MOL-00043,200.0,mcg
PMBJP-1795,MOL-01924,,
PMBJP-1795,MOL-00664,,
PMBJP-1795,MOL-00487,,
PMBJP-1796,MOL-01926,50.0,mcg
PMBJP-1796,MOL-00890,100.0,mcg
PMBJP-1797,MOL-01935,4.0,mg
PMBJP-1798,MOL-01937,300.0,mg
PMBJP-1798,MOL-01558,200.0,mg
PMBJP-1799,MOL-01939,5.0,mg
PMBJP-1801,MOL-01979,50.0,mg
PMBJP-1801,MOL-01368,1000.0,mg
PMBJP-1802,MOL-01979,50.0,mg
PMBJP-1802,MOL-01368,500.0,mg
PMBJP-1803,MOL-01979,100.0,mg
PMBJP-1804,MOL-01979,50.0,mg
PMBJP-1805,MOL-02251,200.0,mg
PMBJP-1806,MOL-02251,200.0,mg
PMBJP-1807,MOL-02251,333.0,mg
PMBJP-1808,MOL-02014,,
PMBJP-1810,MOL-02046,0.1,%
PMBJP-1811,MOL-02072,80.0,mg
PMBJP-1811,MOL-00097,5.0,mg
PMBJP-1812,MOL-02072,80.0,mg
PMBJP-1812,MOL-00437,10.0,mg
PMBJP-1813,MOL-02072,80.0,mg
PMBJP-1814,MOL-02072,40.0,mg
PMBJP-1814,MOL-00420,12.5,mg
PMBJP-1814,MOL-00097,5.0,mg
PMBJP-1815,MOL-02072,40.0,mg
PMBJP-1815,MOL-00420,6.25,mg
PMBJP-1815,MOL-00097,5.0,mg
PMBJP-1816,MOL-02072,40.0,mg
PMBJP-1816,MOL-00437,10.0,mg
PMBJP-1816,MOL-00420,6.25,mg
PMBJP-1817,MOL-02086,1.0,%
PMBJP-1818,MOL-02099,25.0,mg
PMBJP-1819,MOL-02125,90.0,mg
PMBJP-1821,MOL-02138,9.0,mcg
PMBJP-1822,MOL-02138,18.0,mcg
PMBJP-1823,MOL-02142,5.0,mg
PMBJP-1824,MOL-02159,15.0,mg
PMBJP-1825,MOL-02165,10.0,mg
PMBJP-1825,MOL-02015,50.0,mg
PMBJP-1827,MOL-02165,40.0,mg
PMBJP-1828,MOL-02165,5.0,mg
PMBJP-1829,MOL-02178,,
PMBJP-1830,MOL-02199,60.0,mg
PMBJP-1831,MOL-02217,48.0,mg
PMBJP-1831,MOL-00279,90.0,mg
PMBJP-1831,MOL-01913,100.0,mg
PMBJP-1831,MOL-00619,50.0,mg
PMBJP-1832,MOL-02234,40.0,mg
PMBJP-1833,MOL-02241,150.0,mg
PMBJP-1834,MOL-02245,1000.0,mg
PMBJP-1837,MOL-02274,50.0,mg
PMBJP-1837,MOL-01368,850.0,mg
PMBJP-1841,MOL-02289,60000.0,iu
PMBJP-1842,MOL-02293,,
PMBJP-1843,MOL-02296,0.2,mg
PMBJP-1843,MOL-00962,1.0,mg
PMBJP-1843,MOL-01368,500.0,mg
PMBJP-1844,MOL-02296,0.2,mg
PMBJP-1844,MOL-00962,2.0,mg
PMBJP-1844,MOL-01368,1000.0,mg
PMBJP-1845,MOL-02296,0.3,mg
PMBJP-1845,MOL-00962,2.0,mg
PMBJP-1845,MOL-01368,1000.0,mg
PMBJP-1846,MOL-02323,4.0,mg
PMBJP-1848,MOL-00807,84.7,mg
PMBJP-1848,MOL-02108,25.3,mg
PMBJP-1849,MOL-02292,500.0,mg
PMBJP-1850,MOL-01251,12.5,mcg
PMBJP-1851,MOL-01251,25.0,mcg
PMBJP-1852,MOL-01251,75.0,mcg
PMBJP-1853,MOL-01251,125.0,mcg
PMBJP-1854,MOL-00054,10.0,mg
PMBJP-1855,MOL-00054,10.0,mg
PMBJP-1855,MOL-00708,0.5,mg
PMBJP-1856,MOL-00661,1.53,g
PMBJP-1857,MOL-00451,334.0,mg
PMBJP-1857,MOL-01756,1100.0,mg
PMBJP-1858,MOL-00557,7.5,mg
PMBJP-1859,MOL-00661,1.37,g
PMBJP-1860,MOL-00708,0.5,mg
PMBJP-1861,MOL-00856,1.0,mg
PMBJP-1862,MOL-01437,25.0,mg
PMBJP-1863,MOL-01437,50.0,mg
PMBJP-1864,MOL-01756,1100.0,mg
PMBJP-1864,MOL-01311,375.0,mg
PMBJP-1865,MOL-01966,4.0,mg
PMBJP-1866,MOL-01966,8.0,mg
PMBJP-1867,MOL-01966,4.0,mg
PMBJP-1867,MOL-00708,0.5,mg
PMBJP-1868,MOL-01966,8.0,mg
PMBJP-1868,MOL-00708,0.5,mg
PMBJP-1869,MOL-01998,5.0,mg
PMBJP-1870,MOL-01998,10.0,mg
PMBJP-1871,MOL-02055,0.4,mg
PMBJP-1871,MOL-02158,2.0,mg
PMBJP-1872,MOL-02055,0.4,mg
PMBJP-1872,MOL-02158,4.0,mg
PMBJP-1873,MOL-02158,2.0,mg
PMBJP-1874,MOL-02158,4.0,mg
PMBJP-1875,MOL-00177,1.0,%
PMBJP-1876,MOL-00230,0.5,%
PMBJP-1877,MOL-00276,1.0,%
PMBJP-1878,MOL-00280,0.09,%
PMBJP-1878,MOL-01459,0.5,%
PMBJP-1879,MOL-00404,0.5,%
PMBJP-1879,MOL-00591,0.1,%
PMBJP-1880,MOL-00752,150.0,mg
PMBJP-1881,MOL-00941,0.3,%
PMBJP-1881,MOL-00591,0.1,%
PMBJP-1882,MOL-00941,0.3,%
PMBJP-1882,MOL-01773,1.0,%
PMBJP-1883,MOL-00947,0.3,%
PMBJP-1883,MOL-00591,0.1,%
PMBJP-1884,MOL-01017,2.0,%
PMBJP-1886,MOL-01242,0.5,%
PMBJP-1887,MOL-01459,0.5,%
PMBJP-1887,MOL-00591,0.1,%
PMBJP-1888,MOL-01491,5.0,%
PMBJP-1889,MOL-00143,120.0,mg
PMBJP-1890,MOL-00141,75.0,mg
PMBJP-1891,MOL-00143,100.0,mg
PMBJP-1891,MOL-01335,200.0,mg
PMBJP-1892,MOL-00143,200.0,mg
PMBJP-1892,MOL-02031,500.0,mg
PMBJP-1892,MOL-01817,25.0,mg
PMBJP-1893,MOL-01780,7.5,mg
PMBJP-1894,MOL-01780,2.5,mg
PMBJP-1895,MOL-01816,12.5,mg
PMBJP-1895,MOL-02031,250.0,mg
PMBJP-1896,MOL-01816,25.0,mg
PMBJP-1896,MOL-02031,500.0,mg
PMBJP-1897,MOL-01824,600.0,mg
PMBJP-1898,MOL-00040,25.0,mg
PMBJP-1899,MOL-00071,0.25,mg
PMBJP-1899,MOL-01799,20.0,mg
PMBJP-1900,MOL-00071,0.25,mg
PMBJP-1900,MOL-01799,10.0,mg
PMBJP-1901,MOL-00071,0.5,mg
PMBJP-1901,MOL-01959,25.0,mg
PMBJP-1902,MOL-00071,0.5,mg
PMBJP-1902,MOL-01959,50.0,mg
PMBJP-1903,MOL-00094,100.0,mg
PMBJP-1904,MOL-00094,200.0,mg
PMBJP-1905,MOL-00095,75.0,mg
PMBJP-1906,MOL-00095,50.0,mg
PMBJP-1907,MOL-00095,5.0,mg
PMBJP-1908,MOL-00096,25.0,mg
PMBJP-1909,MOL-00101,50.0,mg
PMBJP-1910,MOL-00101,100.0,mg
PMBJP-1911,MOL-00138,2.5,mg
PMBJP-1912,MOL-00138,10.0,mg
PMBJP-1913,MOL-00138,15.0,mg
PMBJP-1914,MOL-00138,20.0,mg
PMBJP-1915,MOL-00138,7.5,mg
PMBJP-1916,MOL-00138,30.0,mg
PMBJP-1917,MOL-00146,5.0,mg
PMBJP-1918,MOL-00146,10.0,mg
PMBJP-1919,MOL-00283,1.25,mg
PMBJP-1920,MOL-00292,150.0,mg
PMBJP-1921,MOL-00407,25.0,mg
PMBJP-1922,MOL-00417,100.0,mg
PMBJP-1923,MOL-00417,50.0,mg
PMBJP-1924,MOL-00417,25.0,mg
PMBJP-1927,MOL-00443,20.0,mg
PMBJP-1927,MOL-00648,40.0,mg
PMBJP-1928,MOL-00449,20.0,mg
PMBJP-1929,MOL-00449,40.0,mg
PMBJP-1930,MOL-00450,250.0,mg
PMBJP-1931,MOL-00471,0.25,mg
PMBJP-1932,MOL-00470,10.0,mg
PMBJP-1933,MOL-00470,25.0,mg
PMBJP-1934,MOL-00470,50.0,mg
PMBJP-1935,MOL-00479,25.0,mg
PMBJP-1936,MOL-00479,50.0,mg
PMBJP-1937,MOL-00479,100.0,mg
PMBJP-1938,MOL-00616,2.0,mg
PMBJP-1939,MOL-00616,10.0,mg
PMBJP-1940,MOL-00686,10.0,mg
PMBJP-1941,MOL-00686,25.0,mg
PMBJP-1942,MOL-00686,75.0,mg
PMBJP-1943,MOL-00705,30.0,mg
PMBJP-1944,MOL-00773,5.0,mg
PMBJP-1945,MOL-00803,0.25,mg
PMBJP-1946,MOL-01200,25.0,mg
PMBJP-1947,MOL-01200,50.0,mg
PMBJP-1948,MOL-01250,50.0,mg
PMBJP-1949,MOL-01250,75.0,mg
PMBJP-1950,MOL-01438,30.0,mg
PMBJP-1951,MOL-01871,200.0,mg
PMBJP-1952,MOL-01871,550.0,mg
PMBJP-1953,MOL-01560,5.0,mg
PMBJP-1953,MOL-00878,20.0,mg
PMBJP-1954,MOL-01713,100.0,mg
PMBJP-1955,MOL-01646,12.5,mg
PMBJP-1955,MOL-00471,0.25,mg
PMBJP-1956,MOL-01884,0.5,mg
PMBJP-1957,MOL-01884,1.0,mg
PMBJP-1958,MOL-01884,2.0,mg
PMBJP-1959,MOL-00724,180.0,mg
PMBJP-1959,MOL-00668,120.0,mg
PMBJP-1960,MOL-00062,10.0,%
PMBJP-1961,MOL-01331,1500.0,mcg
PMBJP-1962,MOL-01331,500.0,mcg
PMBJP-1963,MOL-00023,150.0,mg
PMBJP-1963,MOL-02059,500.0,mg
PMBJP-1964,MOL-00247,100.0,iu
PMBJP-1965,MOL-01089,100.0,iu
PMBJP-1966,MOL-01856,0.5,mg
PMBJP-1967,MOL-01856,1.0,mg
PMBJP-1968,MOL-01856,2.0,mg
PMBJP-1969,MOL-01856,1.0,mg
PMBJP-1969,MOL-01368,500.0,mg
PMBJP-1970,MOL-01856,2.0,mg
PMBJP-1970,MOL-01368,500.0,mg
PMBJP-1971,MOL-00102,200.0,mg
PMBJP-1971,MOL-00455,28.5,mg
PMBJP-1971,MOL-01195,200.0,mg
PMBJP-1972,MOL-00102,500.0,mg
PMBJP-1972,MOL-00455,125.0,mg
PMBJP-1972,MOL-01195,500.0,mg
PMBJP-1973,MOL-00102,200.0,mg
PMBJP-1973,MOL-00455,28.5,mg
PMBJP-1973,MOL-01195,200.0,mg
PMBJP-1974,MOL-00102,250.0,mg
PMBJP-1974,MOL-00478,250.0,mg
PMBJP-1974,MOL-01195,250.0,mg
PMBJP-1975,MOL-00102,125.0,mg
PMBJP-1975,MOL-00478,125.0,mg
PMBJP-1975,MOL-01195,125.0,mg
PMBJP-1976,MOL-00102,250.0,mg
PMBJP-1976,MOL-00623,250.0,mg
PMBJP-1976,MOL-01195,250.0,mg
PMBJP-1978,MOL-00363,300.0,mg
PMBJP-1979,MOL-00363,125.0,mg
PMBJP-1980,MOL-02157,150.0,mg
PMBJP-1981,MOL-00368,50.0,mg
PMBJP-1981,MOL-00455,31.25,mg
PMBJP-1982,MOL-00368,100.0,mg
PMBJP-1982,MOL-00455,62.5,mg
PMBJP-1984,MOL-00376,125.0,mg
PMBJP-1985,MOL-00376,250.0,mg
PMBJP-1986,MOL-00376,500.0,mg
PMBJP-1987,MOL-00376,250.0,mg
PMBJP-1989,MOL-00379,250.0,mg
PMBJP-1989,MOL-02063,31.25,mg
PMBJP-1990,MOL-00379,1000.0,mg
PMBJP-1990,MOL-02063,125.0,mg
PMBJP-1991,MOL-01459,400.0,mg
PMBJP-1991,MOL-00368,400.0,mg
PMBJP-1992,MOL-00185,400.0,iu
PMBJP-1992,MOL-01501,3400.0,iu
PMBJP-1992,MOL-01748,5000.0,iu
PMBJP-1993,MOL-00975,1.0,%
PMBJP-1993,MOL-00062,5.0,%
PMBJP-1994,MOL-00975,1.0,%
PMBJP-1994,MOL-00062,5.0,%
PMBJP-1994,MOL-01924,2.0,%
PMBJP-1995,MOL-01950,1.0,%
PMBJP-1996,MOL-00016,100.0,mg
PMBJP-1996,MOL-00018,325.0,mg
PMBJP-1996,MOL-02219,100.0,mg
PMBJP-1998,MOL-00342,250.0,mcg
PMBJP-1999,MOL-00342,125.0,mcg
PMBJP-2000,MOL-00652,0.5,mg
PMBJP-2001,MOL-00795,15.0,mcg
PMBJP-2001,MOL-00949,60.0,mcg
PMBJP-2002,MOL-00795,0.035,mg
PMBJP-2002,MOL-00535,2.0,mg
PMBJP-2003,MOL-00309,500.0,mg
PMBJP-2003,MOL-02289,500.0,iu
PMBJP-2004,MOL-01840,1000.0,mg
PMBJP-2006,MOL-01982,500.0,mg
PMBJP-2007,MOL-01982,1000.0,mg
PMBJP-2008,MOL-01973,40.0,mg
PMBJP-2008,MOL-00645,0.005,ml
PMBJP-2008,MOL-00832,0.0007,ml
PMBJP-2009,MOL-01971,140.0,mg
PMBJP-2010,MOL-01830,10.0,mg
PMBJP-2011,MOL-01830,15.0,mg
PMBJP-2012,MOL-01830,30.0,mg
PMBJP-2014,MOL-00541,60.0,mg
PMBJP-2015,MOL-01495,5.0,mg
PMBJP-2015,MOL-02072,40.0,mg
PMBJP-2016,MOL-01435,10.0,mg
PMBJP-2017,MOL-02231,5.0,mg
PMBJP-2018,MOL-01360,500.0,mg
PMBJP-2019,MOL-01368,1000.0,mg
PMBJP-2019,MOL-00962,3.0,mg
PMBJP-2020,MOL-00584,0.1,mg
PMBJP-2021,MOL-02090,750.0,mcg
PMBJP-2022,MOL-01899,1.0,mg
PMBJP-2023,MOL-01899,2.0,mg
PMBJP-2024,MOL-01899,4.0,mg
PMBJP-2025,MOL-00242,0.03,%
PMBJP-2025,MOL-02132,0.5,%
PMBJP-2026,MOL-00809,50.0,mg
PMBJP-2027,MOL-01360,800.0,mg
PMBJP-2028,MOL-02046,2.0,mg
PMBJP-2029,MOL-02046,1.0,mg
PMBJP-2030,MOL-02046,0.25,mg
PMBJP-2031,MOL-01997,400.0,mg
PMBJP-2031,MOL-02262,100.0,mg
PMBJP-2032,MOL-00152,300.0,mg
PMBJP-2032,MOL-01887,100.0,mg
PMBJP-2033,MOL-01988,0.1,%
PMBJP-2034,MOL-02299,200.0,mg
PMBJP-2035,MOL-01756,1100.0,mg
PMBJP-2035,MOL-01311,375.0,mg
PMBJP-2035,MOL-01815,20.0,mg
PMBJP-2037,MOL-00779,20.0,mg
PMBJP-2038,MOL-01629,20.0,mg
PMBJP-2039,MOL-01630,60.0,mg
PMBJP-2039,MOL-00915,20.0,mg
PMBJP-2039,MOL-01974,25.0,mg
PMBJP-2040,MOL-01191,150.0,mg
PMBJP-2040,MOL-01623,100.0,mg
PMBJP-2041,MOL-02047,10.0,mg
PMBJP-2041,MOL-00552,30.0,mg
PMBJP-2043,MOL-00673,10.0,mg
PMBJP-2043,MOL-00018,325.0,mg
PMBJP-2044,MOL-01247,1.5,mg
PMBJP-2045,MOL-00844,100.0,mg
PMBJP-2045,MOL-01189,300.0,mcg
PMBJP-2045,MOL-01331,500.0,mcg
PMBJP-2046,MOL-01865,10.0,mg
PMBJP-2046,MOL-00893,1.5,mg
PMBJP-2046,MOL-01511,100.0,mg
PMBJP-2046,MOL-01195,10.0,mg
PMBJP-2047,MOL-00422,60000.0,iu
PMBJP-2048,MOL-01379,2.5,mg
PMBJP-2049,MOL-02251,500.0,mg
PMBJP-2050,MOL-00097,10.0,mg
PMBJP-2051,MOL-01185,1000.0,mg
PMBJP-2051,MOL-00480,60.0,mg
PMBJP-2051,MOL-02320,12.5,mg
PMBJP-2051,MOL-01303,2500.0,mcg
PMBJP-2052,MOL-00156,10.0,mg
PMBJP-2052,MOL-00422,1000.0,iu
PMBJP-2053,MOL-02072,40.0,mg
PMBJP-2053,MOL-00156,10.0,mg
PMBJP-2054,MOL-01331,1500.0,mcg
PMBJP-2054,MOL-00068,100.0,mg
PMBJP-2054,MOL-01084,1.5,mg
PMBJP-2054,MOL-00893,200.0,mcg
PMBJP-2054,MOL-00429,55.0,mcg
PMBJP-2054,MOL-01948,150.0,mg
PMBJP-2054,MOL-00209,1500.0,mcg
PMBJP-2055,MOL-01000,0.05,%
PMBJP-2056,MOL-00408,1.0,%
PMBJP-2056,MOL-01410,2.0,%
PMBJP-2056,MOL-01253,1.0,%
PMBJP-2058,MOL-01558,0.3,%
PMBJP-2058,MOL-00591,0.1,%
PMBJP-2058,MOL-00211,0.005,%
PMBJP-2059,MOL-01761,2.0,%
PMBJP-2060,MOL-00018,1000.0,mg
PMBJP-2061,MOL-01179,10.0,mg
PMBJP-2065,MOL-01281,200.0,mg
PMBJP-2065,MOL-01887,50.0,mg
PMBJP-2066,MOL-01253,20.0,ml
PMBJP-2069,MOL-00187,,
PMBJP-2072,MOL-00156,10.0,mg
PMBJP-2072,MOL-00024,75.0,mg
PMBJP-2072,MOL-00473,10.0,mg
PMBJP-2073,MOL-00156,20.0,mg
PMBJP-2073,MOL-00024,150.0,mg
PMBJP-2074,MOL-00156,20.0,mg
PMBJP-2074,MOL-00024,75.0,mg
PMBJP-2076,MOL-00156,5.0,mg
PMBJP-2077,MOL-00219,2.5,%
PMBJP-2078,MOL-00238,1.0,%
PMBJP-2079,MOL-00250,10.0,mg
PMBJP-2080,MOL-00254,5.0,mg
PMBJP-2080,MOL-01033,12.5,mg
PMBJP-2081,MOL-00307,0.005,%
PMBJP-2081,MOL-00463,0.05,%
PMBJP-2082,MOL-00310,500.0,mg
PMBJP-2083,MOL-00309,250.0,mg
PMBJP-2083,MOL-02289,100.0,iu
PMBJP-2083,MOL-00893,50.0,mcg
PMBJP-2084,MOL-00333,400.0,mg
PMBJP-2085,MOL-00337,10.0,mg
PMBJP-2085,MOL-01240,100.0,mg
PMBJP-2086,MOL-00346,1100.0,mg
PMBJP-2086,MOL-00978,250.0,mg
PMBJP-2086,MOL-02134,1100.0,mg
PMBJP-2087,MOL-01633,1100.0,mg
PMBJP-2088,MOL-00352,10.0,mg
PMBJP-2089,MOL-00352,20.0,mg
PMBJP-2090,MOL-00352,12.5,mg
PMBJP-2091,MOL-00437,10.0,mg
PMBJP-2091,MOL-00420,12.5,mg
PMBJP-2092,MOL-01407,25.0,mg
PMBJP-2092,MOL-00437,10.0,mg
PMBJP-2093,MOL-01407,50.0,mg
PMBJP-2093,MOL-00437,10.0,mg
PMBJP-2094,MOL-00443,20.0,mg
PMBJP-2094,MOL-00673,15.0,mg
PMBJP-2095,MOL-00476,1.0,%
PMBJP-2095,MOL-01253,2.0,%
PMBJP-2096,MOL-00492,300.0,mg
PMBJP-2096,MOL-00813,90.0,mg
PMBJP-2096,MOL-01573,10.0,mg
PMBJP-2096,MOL-02290,300.0,mg
PMBJP-2097,MOL-00506,500.0,mg
PMBJP-2097,MOL-00778,40.0,mg
PMBJP-2097,MOL-00102,750.0,mg
PMBJP-2098,MOL-00538,75.0,mg
PMBJP-2099,MOL-00551,10.0,mg
PMBJP-2099,MOL-01368,1000.0,mg
PMBJP-2100,MOL-00551,10.0,mg
PMBJP-2100,MOL-01368,500.0,mg
PMBJP-2101,MOL-00551,5.0,mg
PMBJP-2102,MOL-00583,5.0,mg
PMBJP-2103,MOL-00619,100.0,mg
PMBJP-2104,MOL-02251,250.0,mg
PMBJP-2105,MOL-00680,50.0,mg
PMBJP-2106,MOL-00688,400.0,mg
PMBJP-2106,MOL-01453,10.0,mg
PMBJP-2107,MOL-00803,0.5,mg
PMBJP-2107,MOL-01799,20.0,mg
PMBJP-2108,MOL-00919,20.0,mg
PMBJP-2108,MOL-02015,25.0,mg
PMBJP-2109,MOL-00967,500.0,mg
PMBJP-2110,MOL-01147,50.0,mg
PMBJP-2111,MOL-01149,10.0,mg
PMBJP-2112,MOL-01178,0.4,%
PMBJP-2113,MOL-01193,100.0,mg
PMBJP-2114,MOL-01379,10.0,mg
PMBJP-2115,MOL-01379,5.0,mg
PMBJP-2116,MOL-01397,16.0,mg
PMBJP-2117,MOL-01407,50.0,mg
PMBJP-2117,MOL-02072,40.0,mg
PMBJP-2117,MOL-00420,12.5,mg
PMBJP-2118,MOL-01407,12.5,mg
PMBJP-2119,MOL-01416,2.0,%
PMBJP-2120,MOL-01450,,
PMBJP-2121,MOL-00014,200.0,mg
PMBJP-2121,MOL-01453,10.0,mg
PMBJP-2121,MOL-00851,120.0,mg
PMBJP-2122,MOL-01470,360.0,mg
PMBJP-2123,MOL-01368,500.0,mg
PMBJP-2123,MOL-01472,600.0,mg
PMBJP-2124,MOL-01534,6.4,mg
PMBJP-2125,MOL-01547,10.0,mg
PMBJP-2126,MOL-01578,8.0,mg
PMBJP-2127,MOL-01600,150.0,mg
PMBJP-2128,MOL-00018,650.0,mg
PMBJP-2128,MOL-00303,50.0,mg
PMBJP-2129,MOL-01730,400.0,mg
PMBJP-2130,MOL-01756,978.0,mg
PMBJP-2130,MOL-00537,300.0,mg
PMBJP-2130,MOL-00518,200.0,mg
PMBJP-2131,MOL-01773,,
PMBJP-2132,MOL-01776,75.0,mg
PMBJP-2132,MOL-01331,1500.0,mcg
PMBJP-2133,MOL-01776,150.0,mg
PMBJP-2134,MOL-01863,200.0,mg
PMBJP-2135,MOL-02015,50.0,mg
PMBJP-2135,MOL-02163,20.0,mg
PMBJP-2136,MOL-02040,85.0,mg
PMBJP-2136,MOL-01488,500.0,mg
PMBJP-2137,MOL-02072,40.0,mg
PMBJP-2137,MOL-00437,10.0,mg
PMBJP-2137,MOL-00420,12.5,mg
PMBJP-2138,MOL-02165,100.0,mg
PMBJP-2139,MOL-02253,40.0,mg
PMBJP-2140,MOL-02266,40.0,mg
PMBJP-2141,MOL-02304,1.0,mg
PMBJP-2142,MOL-02304,2.0,mg
PMBJP-2143,MOL-02319,20.0,mg
PMBJP-2144,MOL-01812,60.0,mg
PMBJP-2145,MOL-00287,400.0,mcg
PMBJP-2146,MOL-00504,25.0,mg
PMBJP-2146,MOL-02165,10.0,mg
PMBJP-2147,MOL-00784,2.0,mg
PMBJP-2148,MOL-00156,80.0,mg
PMBJP-2150,MOL-00196,200.0,mcg
PMBJP-2151,MOL-00196,100.0,mcg
PMBJP-2152,MOL-00196,100.0,mcg
PMBJP-2153,MOL-00196,200.0,mcg
PMBJP-2154,MOL-00196,400.0,mcg
PMBJP-2155,MOL-00210,4.0,mg
PMBJP-2156,MOL-00240,20.0,mg
PMBJP-2158,MOL-00317,100.0,mg
PMBJP-2159,MOL-00375,200.0,mg
PMBJP-2159,MOL-01558,200.0,mg
PMBJP-2160,MOL-00460,100.0,mg
PMBJP-2160,MOL-00476,100.0,mg
PMBJP-2160,MOL-02133,100.0,mg
PMBJP-2161,MOL-00630,150.0,mg
PMBJP-2162,MOL-00713,1.0,%
PMBJP-2163,MOL-00738,2.5,mg
PMBJP-2164,MOL-00780,40.0,mg
PMBJP-2164,MOL-01153,150.0,mg
PMBJP-2165,MOL-00815,5.0,mg
PMBJP-2165,MOL-01368,1000.0,mg
PMBJP-2166,MOL-00815,5.0,mg
PMBJP-2166,MOL-01368,500.0,mg
PMBJP-2167,MOL-00816,5.0,mg
PMBJP-2168,MOL-00833,200.0,mg
PMBJP-2169,MOL-00883,100.0,mg
PMBJP-2170,MOL-00962,0.5,mg
PMBJP-2171,MOL-00967,1500.0,mg
PMBJP-2172,MOL-00611,25.0,mg
PMBJP-2173,MOL-01051,150.0,mg
PMBJP-2174,MOL-01062,10.0,mg
PMBJP-2175,MOL-01131,,
PMBJP-2176,MOL-01192,200.0,mg
PMBJP-2177,MOL-01287,8.0,mg
PMBJP-2177,MOL-00018,325.0,mg
PMBJP-2178,MOL-01341,7.5,mg
PMBJP-2179,MOL-01341,15.0,mg
PMBJP-2180,MOL-01360,400.0,mg
PMBJP-2181,MOL-01369,500.0,mg
PMBJP-2181,MOL-00963,3.0,mg
PMBJP-2182,MOL-01369,500.0,mg
PMBJP-2182,MOL-00963,4.0,mg
PMBJP-2183,MOL-01406,2.5,mg
PMBJP-2184,MOL-01459,,
PMBJP-2184,MOL-01773,,
PMBJP-2185,MOL-01460,0.2,mg
PMBJP-2186,MOL-01600,450.0,mg
PMBJP-2187,MOL-01600,600.0,mg
PMBJP-2188,MOL-01645,25.0,mg
PMBJP-2189,MOL-01646,12.5,mg
PMBJP-2190,MOL-01765,0.25,mg
PMBJP-2191,MOL-01790,100.0,mg
PMBJP-2192,MOL-01836,10.0,mg
PMBJP-2193,MOL-01855,100.0,mg
PMBJP-2193,MOL-02274,50.0,mg
PMBJP-2194,MOL-01855,100.0,mg
PMBJP-2194,MOL-01368,1000.0,mg
PMBJP-2195,MOL-01855,100.0,mg
PMBJP-2196,MOL-01855,100.0,mg
PMBJP-2196,MOL-01368,500.0,mg
PMBJP-2197,MOL-01884,3.0,mg
PMBJP-2198,MOL-01899,0.5,mg
PMBJP-2199,MOL-01899,0.25,mg
PMBJP-2200,MOL-01946,5.0,mg
PMBJP-2201,MOL-01961,400.0,mg
PMBJP-2202,MOL-01799,40.0,mg
PMBJP-2202,MOL-00870,10.0,mg
PMBJP-2203,MOL-02072,80.0,mg
PMBJP-2203,MOL-00097,5.0,mg
PMBJP-2203,MOL-01033,12.5,mg
PMBJP-2204,MOL-02081,25.0,mg
PMBJP-2205,MOL-02266,120.0,mg
PMBJP-2206,MOL-02290,600.0,mg
PMBJP-2207,MOL-01368,500.0,mg
PMBJP-2207,MOL-02296,0.3,mg
PMBJP-2207,MOL-00962,1.0,mg
PMBJP-2208,MOL-01368,500.0,mg
PMBJP-2208,MOL-02296,0.3,mg
PMBJP-2208,MOL-00962,2.0,mg
PMBJP-2209,MOL-02322,20.0,mg
PMBJP-2210,MOL-01687,8.0,mg
PMBJP-2211,MOL-01687,4.0,mg
PMBJP-2211,MOL-01072,1.25,mg
PMBJP-2212,MOL-01418,450.0,mg
PMBJP-2212,MOL-01011,50.0,mg
PMBJP-2213,MOL-02322,40.0,mg
PMBJP-2216,MOL-00988,50.0,mg
PMBJP-2216,MOL-02087,1.25,mg
PMBJP-2216,MOL-00080,30.0,mg
PMBJP-2217,MOL-00988,100.0,mg
PMBJP-2217,MOL-02087,1.25,mg
PMBJP-2217,MOL-00080,15.0,mg
PMBJP-2218,MOL-01921,97.0,mg
PMBJP-2218,MOL-02253,103.0,mg
PMBJP-2219,MOL-01044,250.0,mg
PMBJP-2220,MOL-01044,500.0,mg
PMBJP-2221,MOL-00067,,
PMBJP-2221,MOL-00781,,
PMBJP-2222,MOL-00059,300.0,mg
PMBJP-2223,MOL-00094,300.0,mg
PMBJP-2224,MOL-00013,50.0,mg
PMBJP-2224,MOL-01368,500.0,mg
PMBJP-2225,MOL-00023,600.0,mg
PMBJP-2226,MOL-00050,70.0,mg
PMBJP-2227,MOL-00097,5.0,mg
PMBJP-2227,MOL-01288,50.0,mg
PMBJP-2227,MOL-01033,12.5,mg
PMBJP-2228,MOL-00097,5.0,mg
PMBJP-2228,MOL-01686,4.0,mg
PMBJP-2249,MOL-00001,600.0,mg
PMBJP-2249,MOL-00672,50.0,mg
PMBJP-2249,MOL-01199,300.0,mg
PMBJP-2250,MOL-00001,600.0,mg
PMBJP-2250,MOL-01199,300.0,mg
PMBJP-2251,MOL-01846,20.0,mg
PMBJP-2252,MOL-01846,50.0,mg
PMBJP-2253,MOL-00250,5.0,mg
PMBJP-2254,MOL-00303,20.0,mg
PMBJP-2255,MOL-00496,0.5,mg
PMBJP-2256,MOL-01419,10.0,mg
PMBJP-2257,MOL-01888,100.0,mg
PMBJP-2258,MOL-01888,500.0,mg
PMBJP-2259,MOL-01924,1.0,%
PMBJP-2260,MOL-01924,3.0,%
PMBJP-2261,MOL-01924,2.0,%
PMBJP-2262,MOL-02005,4.0,iu
PMBJP-2263,MOL-02110,100.0,mg
PMBJP-2264,MOL-01331,1500.0,mcg
PMBJP-2264,MOL-00893,0.7,mg
PMBJP-2264,MOL-01511,100.0,mg
PMBJP-2265,MOL-01464,,
PMBJP-2266,MOL-01516,2.0,mg
PMBJP-2267,MOL-01516,4.0,mg
PMBJP-2268,MOL-01578,4.0,mg
PMBJP-2269,MOL-01578,8.0,mg
PMBJP-2270,MOL-01965,50.0,mg
PMBJP-2271,MOL-02289,60000.0,iu
PMBJP-2272,MOL-00551,5.0,mg
PMBJP-2272,MOL-01979,50.0,mg
PMBJP-2273,MOL-00551,10.0,mg
PMBJP-2273,MOL-01979,100.0,mg
PMBJP-2274,MOL-01776,75.0,mg
PMBJP-2274,MOL-00704,30.0,mg
PMBJP-2275,MOL-01776,75.0,mg
PMBJP-2275,MOL-00704,20.0,mg
PMBJP-2276,MOL-01776,50.0,mg
PMBJP-2276,MOL-00704,20.0,mg
PMBJP-2277,MOL-00204,180.0,mg
PMBJP-2278,MOL-00145,1000.0,mg
PMBJP-2279,MOL-01486,50.0,mg
PMBJP-2280,MOL-00602,5.0,mg
PMBJP-2281,MOL-02281,600.0,mcg
PMBJP-2281,MOL-00145,500.0,mg
PMBJP-2281,MOL-02289,1000.0,iu
PMBJP-2281,MOL-02319,50.0,mg
PMBJP-2282,MOL-01634,100.0,mg
PMBJP-2282,MOL-00316,12.0,mg
PMBJP-2282,MOL-01511,50.0,mg
PMBJP-2282,MOL-01182,40.0,mg
PMBJP-2282,MOL-00665,20.0,mg
PMBJP-2282,MOL-01186,25.0,mg
PMBJP-2282,MOL-02319,10.0,mg
PMBJP-2282,MOL-01084,2.0,mg
PMBJP-2282,MOL-00245,100.0,mg
PMBJP-2282,MOL-00843,100.0,mg
PMBJP-2282,MOL-00513,100.0,mg
PMBJP-2283,MOL-00008,250.0,mg
PMBJP-2284,MOL-00012,333.0,mg
PMBJP-2285,MOL-01472,1000.0,mg
PMBJP-2285,MOL-01187,100.0,mcg
PMBJP-2285,MOL-02289,1000.0,iu
PMBJP-2285,MOL-00023,600.0,mg
PMBJP-2285,MOL-01181,100.0,mg
PMBJP-2286,MOL-00033,0.1,%
PMBJP-2286,MOL-00219,2.5,%
PMBJP-2287,MOL-00064,25.0,mg
PMBJP-2288,MOL-00139,50.0,mg
PMBJP-2289,MOL-00139,150.0,mg
PMBJP-2290,MOL-00186,20.0,mg
PMBJP-2291,MOL-00205,5.0,mg
PMBJP-2292,MOL-00210,8.0,mg
PMBJP-2293,MOL-00262,62.5,mg
PMBJP-2294,MOL-00276,10.0,mg
PMBJP-2294,MOL-00275,2.0,mg
PMBJP-2295,MOL-00277,50.0,mg
PMBJP-2296,MOL-00308,0.25,mcg
PMBJP-2296,MOL-00309,500.0,mg
PMBJP-2296,MOL-02291,45.0,mcg
PMBJP-2296,MOL-01331,1500.0,mcg
PMBJP-2296,MOL-02319,7.5,mg
PMBJP-2296,MOL-01311,50.0,mg
PMBJP-2296,MOL-01189,800.0,mcg
PMBJP-2297,MOL-00309,1250.0,mg
PMBJP-2297,MOL-02289,2000.0,iu
PMBJP-2297,MOL-01331,1500.0,mcg
PMBJP-2297,MOL-01189,1.0,mg
PMBJP-2297,MOL-01814,20.0,mg
PMBJP-2298,MOL-00309,1000.0,mg
PMBJP-2298,MOL-01311,100.0,mg
PMBJP-2298,MOL-02319,4.0,mg
PMBJP-2298,MOL-02289,200.0,iu
PMBJP-2299,MOL-01475,1.0,%
PMBJP-2299,MOL-00463,0.05,%
PMBJP-2301,MOL-00552,30.0,mg
PMBJP-2302,MOL-00561,50.0,mg
PMBJP-2303,MOL-00568,30.0,mg
PMBJP-2303,MOL-02055,0.4,mg
PMBJP-2304,MOL-00588,50.0,mg
PMBJP-2304,MOL-00471,0.5,mg
PMBJP-2305,MOL-00588,100.0,mg
PMBJP-2305,MOL-00471,0.5,mg
PMBJP-2306,MOL-00588,50.0,mg
PMBJP-2307,MOL-00588,100.0,mg
PMBJP-2308,MOL-00596,60.0,mg
PMBJP-2309,MOL-01637,2.0,%
PMBJP-2309,MOL-00405,5.0,%
PMBJP-2309,MOL-02226,15.0,%
PMBJP-2309,MOL-01253,2.0,%
PMBJP-2310,MOL-00674,5.0,mg
PMBJP-2310,MOL-01344,5.0,mg
PMBJP-2311,MOL-00674,5.0,mg
PMBJP-2311,MOL-01344,10.0,mg
PMBJP-2313,MOL-00803,0.5,mg
PMBJP-2313,MOL-01799,40.0,mg
PMBJP-2314,MOL-00886,0.03,%
PMBJP-2316,MOL-00881,0.5,mg
PMBJP-2316,MOL-01547,10.0,mg
PMBJP-2317,MOL-00887,0.1,%
PMBJP-2318,MOL-02056,27.0,%
PMBJP-2318,MOL-01756,0.05,%
PMBJP-2318,MOL-01110,0.03,%
PMBJP-2318,MOL-01348,0.033,%
PMBJP-2318,MOL-02120,27.0,%
PMBJP-2319,MOL-01177,0.5,%
PMBJP-2319,MOL-01459,0.5,%
PMBJP-2321,MOL-01205,250.0,mg
PMBJP-2322,MOL-01253,3.0,%
PMBJP-2322,MOL-00310,0.25,%
PMBJP-2322,MOL-01036,0.1,%
PMBJP-2322,MOL-01710,5.0,%
PMBJP-2322,MOL-02320,2.0,%
PMBJP-2322,MOL-02216,3.0,%
PMBJP-2323,MOL-01272,300.0,mg
PMBJP-2324,MOL-01188,0.5,mg
PMBJP-2324,MOL-02280,10.0,mcg
PMBJP-2324,MOL-02279,400.0,iu
PMBJP-2324,MOL-01331,1500.0,mcg
PMBJP-2324,MOL-01814,1.5,mg
PMBJP-2324,MOL-01303,5000.0,mcg
PMBJP-2324,MOL-00309,250.0,mg
PMBJP-2325,MOL-01284,3.0,mg
PMBJP-2326,MOL-01301,10.0,mg
PMBJP-2326,MOL-00150,2.0,mg
PMBJP-2326,MOL-02315,500.0,mg
PMBJP-2326,MOL-01573,10.0,mg
PMBJP-2327,MOL-01573,20.0,%
PMBJP-2327,MOL-00751,4.0,%
PMBJP-2327,MOL-00609,500.0,mg
PMBJP-2327,MOL-00241,150.0,mg
PMBJP-2327,MOL-01301,100.0,mg
PMBJP-2327,MOL-02315,50.0,mg
PMBJP-2327,MOL-00227,25.0,mg
PMBJP-2327,MOL-02289,4.8,mg
PMBJP-2328,MOL-01331,1500.0,mcg
PMBJP-2328,MOL-02283,5.0,mg
PMBJP-2328,MOL-00068,50.0,mg
PMBJP-2328,MOL-00893,200.0,mg
PMBJP-2328,MOL-00245,1500.0,mcg
PMBJP-2329,MOL-01419,0.5,mg
PMBJP-2330,MOL-01444,100.0,mg
PMBJP-2331,MOL-01475,1.0,%
PMBJP-2332,MOL-01517,2.0,mg
PMBJP-2333,MOL-01526,150.0,mg
PMBJP-2334,MOL-01529,500.0,mg
PMBJP-2335,MOL-01552,10.0,mg
PMBJP-2336,MOL-01552,5.0,mg
PMBJP-2337,MOL-01567,0.4,%
PMBJP-2337,MOL-01177,0.1,%
PMBJP-2338,MOL-01606,2.5,mg
PMBJP-2339,MOL-01747,0.4,%
PMBJP-2339,MOL-01800,0.3,%
PMBJP-2340,MOL-01752,2.0,mg
PMBJP-2341,MOL-01765,0.75,mg
PMBJP-2342,MOL-01765,1.5,mg
PMBJP-2343,MOL-01789,2.5,mg
PMBJP-2344,MOL-01789,5.0,mg
PMBJP-2345,MOL-01815,3.0,mg
PMBJP-2345,MOL-01511,50.0,mg
PMBJP-2345,MOL-00893,1.5,mg
PMBJP-2345,MOL-01195,3.0,mg
PMBJP-2347,MOL-01916,200.0,mg
PMBJP-2348,MOL-01916,400.0,mg
PMBJP-2349,MOL-01961,800.0,mg
PMBJP-2350,MOL-02057,100.0,mg
PMBJP-2351,MOL-02057,50.0,mg
PMBJP-2352,MOL-02078,20.0,mg
PMBJP-2352,MOL-01724,15.0,mg
PMBJP-2353,MOL-02160,100.0,mg
PMBJP-2354,MOL-02160,50.0,mg
PMBJP-2355,MOL-02179,50.0,mg
PMBJP-2356,MOL-02245,500.0,mg
PMBJP-2357,MOL-02265,37.5,mg
PMBJP-2358,MOL-02265,75.0,mg
PMBJP-2359,MOL-02265,150.0,mg
PMBJP-2360,MOL-02273,100.0,mg
PMBJP-2361,MOL-02326,50.0,mg
PMBJP-2362,MOL-02326,100.0,mg
PMBJP-2363,MOL-01979,100.0,mg
PMBJP-2363,MOL-01368,1000.0,mg
PMBJP-2364,MOL-01979,50.0,mg
PMBJP-2364,MOL-01368,500.0,mg
PMBJP-2365,MOL-01175,2.0,%
PMBJP-2366,MOL-01339,5.0,mg
PMBJP-2367,MOL-01375,10.0,mg
PMBJP-2368,MOL-00437,10.0,mg
PMBJP-2368,MOL-01564,20.0,mg
PMBJP-2369,MOL-00437,10.0,mg
PMBJP-2369,MOL-01564,40.0,mg
PMBJP-2370,MOL-01495,5.0,mg
PMBJP-2370,MOL-00437,10.0,mg
PMBJP-2371,MOL-01495,2.5,mg
PMBJP-2371,MOL-00437,10.0,mg
PMBJP-2372,MOL-01600,300.0,mg
PMBJP-2374,MOL-01963,500.0,mg
PMBJP-2377,MOL-01309,100.0,g
PMBJP-2378,MOL-01309,250.0,g
PMBJP-2379,MOL-01309,500.0,g
PMBJP-2380,MOL-00430,500.0,g
PMBJP-2381,MOL-00430,1.0,kg
PMBJP-2382,MOL-00016,200.0,mg
PMBJP-2382,MOL-00527,15.0,mg
PMBJP-2383,MOL-00016,100.0,mg
PMBJP-2383,MOL-02145,2.0,mg
PMBJP-2384,MOL-00100,5.0,%
PMBJP-2385,MOL-00128,2.5,mg
PMBJP-2386,MOL-00128,5.0,mg
PMBJP-2387,MOL-00156,10.0,mg
PMBJP-2387,MOL-00024,75.0,mg
PMBJP-2387,MOL-01836,5.0,mg
PMBJP-2388,MOL-00156,10.0,mg
PMBJP-2388,MOL-00833,160.0,mg
PMBJP-2388,MOL-00820,10.0,mg
PMBJP-2389,MOL-00156,10.0,mg
PMBJP-2389,MOL-00820,10.0,mg
PMBJP-2390,MOL-00156,20.0,mg
PMBJP-2390,MOL-00820,10.0,mg
PMBJP-2391,MOL-00173,10.0,%
PMBJP-2391,MOL-00217,0.2,%
PMBJP-2392,MOL-00175,16.0,mg
PMBJP-2393,MOL-00175,8.0,mg
PMBJP-2393,MOL-02072,40.0,mg
PMBJP-2394,MOL-00175,8.0,mg
PMBJP-2395,MOL-00191,4.0,mg
PMBJP-2396,MOL-00208,4.0,mg
PMBJP-2396,MOL-02072,40.0,mg
PMBJP-2396,MOL-00420,6.25,mg
PMBJP-2397,MOL-00231,25.0,mg
PMBJP-2398,MOL-00261,2.0,mg
PMBJP-2399,MOL-00261,2.5,mg
PMBJP-2400,MOL-00303,30.0,mg
PMBJP-2400,MOL-00655,25.0,mg
PMBJP-2400,MOL-00018,500.0,mg
PMBJP-2400,MOL-01710,5.0,mg
PMBJP-2401,MOL-00338,20.0,mg
PMBJP-2402,MOL-00357,125.0,mg
PMBJP-2403,MOL-00379,2.0,g
PMBJP-2403,MOL-00167,0.5,g
PMBJP-2404,MOL-00434,1.0,%
PMBJP-2405,MOL-00434,8.0,%
PMBJP-2406,MOL-00473,150.0,mg
PMBJP-2407,MOL-00511,0.625,mg
PMBJP-2408,MOL-00520,250.0,mg
PMBJP-2409,MOL-00551,10.0,mg
PMBJP-2409,MOL-02274,100.0,mg
PMBJP-2410,MOL-00551,5.0,mg
PMBJP-2410,MOL-02274,100.0,mg
PMBJP-2411,MOL-00561,20.0,mg
PMBJP-2412,MOL-00561,50.0,mg
PMBJP-2413,MOL-00561,70.0,mg
PMBJP-2414,MOL-00620,1.16,%
PMBJP-2414,MOL-01960,2.5,%
PMBJP-2414,MOL-01262,0.5,%
PMBJP-2414,MOL-01398,10.0,%
PMBJP-2414,MOL-01348,5.0,%
PMBJP-2415,MOL-00672,50.0,mg
PMBJP-2416,MOL-00731,25.0,mg
PMBJP-2417,MOL-00731,50.0,mg
PMBJP-2418,MOL-00820,10.0,mg
PMBJP-2419,MOL-00820,5.0,mg
PMBJP-2420,MOL-00826,200.0,mg
PMBJP-2420,MOL-00455,125.0,mg
PMBJP-2421,MOL-00920,,
PMBJP-2421,MOL-01036,1.0,%
PMBJP-2422,MOL-00975,2.0,%
PMBJP-2422,MOL-01924,1.0,%
PMBJP-2422,MOL-01511,,
PMBJP-2422,MOL-02290,2.0,%
PMBJP-2422,MOL-00062,2.0,%
PMBJP-2423,MOL-01036,1.0,%
PMBJP-2424,MOL-01154,1.0,%
PMBJP-2425,MOL-01158,1.0,%
PMBJP-2426,MOL-01213,10.0,mg
PMBJP-2427,MOL-01215,25.0,mg
PMBJP-2428,MOL-01215,5.0,mg
PMBJP-2429,MOL-01240,200.0,mg
PMBJP-2429,MOL-00337,50.0,mg
PMBJP-2430,MOL-01249,50.0,mcg
PMBJP-2430,MOL-00196,50.0,mcg
PMBJP-2431,MOL-01258,250.0,mg
PMBJP-2432,MOL-01258,500.0,mg
PMBJP-2433,MOL-01294,1.0,%
PMBJP-2434,MOL-01308,10.0,mg
PMBJP-2435,MOL-01322,100.0,mg
PMBJP-2436,MOL-01323,135.0,mg
PMBJP-2436,MOL-00407,5.0,mg
PMBJP-2437,MOL-01379,15.0,mg
PMBJP-2438,MOL-01379,20.0,mg
PMBJP-2439,MOL-01404,5.0,mg
PMBJP-2440,MOL-01407,100.0,mg
PMBJP-2441,MOL-01410,1.0,%
PMBJP-2441,MOL-01761,5.0,%
PMBJP-2442,MOL-01420,10.0,mg
PMBJP-2443,MOL-01420,2.5,mg
PMBJP-2444,MOL-01420,5.0,mg
PMBJP-2445,MOL-01495,2.5,mg
PMBJP-2445,MOL-00097,2.5,mg
PMBJP-2446,MOL-01495,5.0,mg
PMBJP-2446,MOL-00097,5.0,mg
PMBJP-2447,MOL-01526,100.0,mg
PMBJP-2448,MOL-01564,10.0,mg
PMBJP-2450,MOL-01616,1.0,%
PMBJP-2451,MOL-01616,2.0,%
PMBJP-2452,MOL-01649,200.0,mg
PMBJP-2453,MOL-01649,400.0,mg
PMBJP-2454,MOL-01672,400000.0,iu
PMBJP-2455,MOL-01672,800000.0,iu
PMBJP-2456,MOL-01681,12.5,g
PMBJP-2456,MOL-00070,18.75,mg
PMBJP-2457,MOL-01799,20.0,mg
PMBJP-2458,MOL-01820,50.0,mg
PMBJP-2459,MOL-01836,2.5,mg
PMBJP-2459,MOL-01033,12.5,mg
PMBJP-2460,MOL-01836,1.25,mg
PMBJP-2461,MOL-01855,100.0,mg
PMBJP-2461,MOL-02078,10.0,mg
PMBJP-2462,MOL-01855,100.0,mg
PMBJP-2462,MOL-02274,50.0,mg
PMBJP-2462,MOL-01368,500.0,mg
PMBJP-2463,MOL-01856,0.5,mg
PMBJP-2463,MOL-02296,0.2,mg
PMBJP-2464,MOL-01856,0.5,mg
PMBJP-2464,MOL-02296,0.3,mg
PMBJP-2465,MOL-01856,1.0,mg
PMBJP-2465,MOL-02296,0.2,mg
PMBJP-2466,MOL-01856,1.0,mg
PMBJP-2466,MOL-02296,0.3,mg
PMBJP-2467,MOL-01926,50.0,mcg
PMBJP-2467,MOL-00890,500.0,mcg
PMBJP-2468,MOL-02008,200.0,mg
PMBJP-2469,MOL-02041,12.5,mg
PMBJP-2470,MOL-02041,25.0,mg
PMBJP-2471,MOL-02072,40.0,mg
PMBJP-2471,MOL-00437,10.0,mg
PMBJP-2471,MOL-01408,40.0,mg
PMBJP-2472,MOL-02072,40.0,mg
PMBJP-2472,MOL-00437,10.0,mg
PMBJP-2472,MOL-01408,40.0,mg
PMBJP-2473,MOL-02072,40.0,mg
PMBJP-2473,MOL-01408,25.0,mg
PMBJP-2473,MOL-00419,12.5,mg
PMBJP-2474,MOL-02075,20.0,mg
PMBJP-2475,MOL-02078,20.0,mg
PMBJP-2475,MOL-00551,10.0,mg
PMBJP-2476,MOL-02078,20.0,mg
PMBJP-2476,MOL-00551,5.0,mg
PMBJP-2477,MOL-02106,100.0,mg
PMBJP-2478,MOL-02106,200.0,mg
PMBJP-2479,MOL-02106,50.0,mg
PMBJP-2480,MOL-01251,150.0,mcg
PMBJP-2481,MOL-02125,60.0,mg
PMBJP-2482,MOL-02161,20.0,mg
PMBJP-2483,MOL-02161,40.0,mg
PMBJP-2484,MOL-02161,60.0,mg
PMBJP-2485,MOL-02163,10.0,mg
PMBJP-2485,MOL-02015,25.0,mg
PMBJP-2486,MOL-02178,40.0,mcg
PMBJP-2486,MOL-02132,5.0,mg
PMBJP-2487,MOL-02301,10.0,mg
PMBJP-2488,MOL-02301,20.0,mg
PMBJP-2489,MOL-02301,5.0,mg
PMBJP-2490,MOL-00097,2.5,mg
PMBJP-2491,MOL-00394,5.0,mg
PMBJP-2492,MOL-01407,25.0,mg
PMBJP-2492,MOL-00097,2.5,mg
PMBJP-2493,MOL-01761,10.0,%
PMBJP-2494,MOL-01903,20.0,mg
PMBJP-2494,MOL-00024,75.0,mg
PMBJP-2495,MOL-02072,80.0,mg
PMBJP-2495,MOL-00420,12.5,mg
PMBJP-2496,MOL-01628,40.0,mg
PMBJP-2496,MOL-00673,10.0,mg
PMBJP-2497,MOL-00551,5.0,mg
PMBJP-2497,MOL-01368,500.0,mg
PMBJP-2498,MOL-00479,200.0,mg
PMBJP-2499,MOL-00016,1.0,%
PMBJP-2499,MOL-01348,5.0,%
PMBJP-2500,MOL-00016,1.5,%
PMBJP-2501,MOL-00505,10.0,mg
PMBJP-2502,MOL-00505,5.0,mg
PMBJP-2503,MOL-01253,1.0,%
PMBJP-2504,MOL-00176,20.0,mg
PMBJP-2505,MOL-00176,80.0,mg
PMBJP-2506,MOL-00217,6.0,%
PMBJP-2506,MOL-01924,3.0,%
PMBJP-2507,MOL-00229,0.1,%
PMBJP-2507,MOL-01501,0.5,%
PMBJP-2508,MOL-00229,0.1,%
PMBJP-2508,MOL-01558,0.3,%
PMBJP-2509,MOL-00239,10.0,mg
PMBJP-2509,MOL-01454,4.0,mg
PMBJP-2510,MOL-01164,3.0,%
PMBJP-2510,MOL-00213,0.2,%
PMBJP-2511,MOL-00304,8.0,%
PMBJP-2511,MOL-00062,10.0,%
PMBJP-2511,MOL-01254,8.0,%
PMBJP-2512,MOL-00309,500.0,mg
PMBJP-2512,MOL-00308,0.25,mcg
PMBJP-2512,MOL-01432,500.0,mg
PMBJP-2512,MOL-02294,500.0,mg
PMBJP-2513,MOL-00309,,
PMBJP-2513,MOL-02289,,
PMBJP-2514,MOL-00368,200.0,mg
PMBJP-2514,MOL-00478,500.0,mg
PMBJP-2514,MOL-01195,200.0,mg
PMBJP-2515,MOL-00408,0.2,%
PMBJP-2515,MOL-01986,0.05,%
PMBJP-2515,MOL-02319,0.09,%
PMBJP-2516,MOL-00414,4.8,%
PMBJP-2516,MOL-02092,9.0,%
PMBJP-2516,MOL-00009,13.1,%
PMBJP-2517,MOL-00450,100.0,ml
PMBJP-2518,MOL-00476,2.0,%
PMBJP-2519,MOL-00503,20.0,mg
PMBJP-2519,MOL-00756,25.0,mg
PMBJP-2520,MOL-00505,5.0,mg
PMBJP-2520,MOL-02047,20.0,mg
PMBJP-2521,MOL-00551,10.0,mg
PMBJP-2521,MOL-01979,50.0,mg
PMBJP-2522,MOL-00551,10.0,mg
PMBJP-2522,MOL-01979,100.0,mg
PMBJP-2522,MOL-01368,1000.0,mg
PMBJP-2523,MOL-00551,10.0,mg
PMBJP-2523,MOL-01979,100.0,mg
PMBJP-2523,MOL-01368,500.0,mg
PMBJP-2524,MOL-00551,5.0,mg
PMBJP-2524,MOL-01368,1000.0,mg
PMBJP-2525,MOL-00551,5.0,mg
PMBJP-2525,MOL-01979,100.0,mg
PMBJP-2526,MOL-00564,180.0,mg
PMBJP-2527,MOL-00564,250.0,mg
PMBJP-2528,MOL-00564,360.0,mg
PMBJP-2529,MOL-00564,400.0,mg
PMBJP-2530,MOL-00564,500.0,mg
PMBJP-2531,MOL-00565,250.0,mg
PMBJP-2532,MOL-00565,500.0,mg
PMBJP-2533,MOL-00568,6.0,mg
PMBJP-2535,MOL-00619,200.0,mg
PMBJP-2536,MOL-00620,1.16,%
PMBJP-2536,MOL-01960,2.5,%
PMBJP-2536,MOL-01262,0.5,%
PMBJP-2536,MOL-01386,10.0,%
PMBJP-2536,MOL-01348,5.0,%
PMBJP-2537,MOL-00619,2.0,%
PMBJP-2537,MOL-01386,10.0,%
PMBJP-2537,MOL-01348,5.0,%
PMBJP-2537,MOL-00009,10.0,%
PMBJP-2538,MOL-00619,50.0,mg
PMBJP-2538,MOL-02114,4.0,mg
PMBJP-2539,MOL-00619,50.0,mg
PMBJP-2539,MOL-02114,8.0,mg
PMBJP-2540,MOL-00699,40.0,mg
PMBJP-2541,MOL-00704,20.0,mg
PMBJP-2541,MOL-01331,1.5,mg
PMBJP-2542,MOL-00704,30.0,mg
PMBJP-2542,MOL-01331,1.5,mg
PMBJP-2543,MOL-00712,10.0,mg
PMBJP-2543,MOL-01710,10.0,mg
PMBJP-2544,MOL-00723,20.0,mg
PMBJP-2545,MOL-00723,40.0,mg
PMBJP-2547,MOL-00746,200.0,mg
PMBJP-2548,MOL-00756,50.0,mg
PMBJP-2549,MOL-00803,0.5,mg
PMBJP-2549,MOL-00773,10.0,mg
PMBJP-2550,MOL-00803,0.5,mg
PMBJP-2550,MOL-00773,5.0,mg
PMBJP-2551,MOL-00803,1.5,mg
PMBJP-2552,MOL-00810,60.0,mg
PMBJP-2552,MOL-01776,75.0,mg
PMBJP-2553,MOL-00838,1.0,%
PMBJP-2554,MOL-00838,3.0,%
PMBJP-2554,MOL-00388,0.5,%
PMBJP-2555,MOL-00841,50.0,mg
PMBJP-2556,MOL-00864,2.0,%
PMBJP-2557,MOL-00872,0.01,%
PMBJP-2557,MOL-01416,2.0,%
PMBJP-2557,MOL-01501,0.5,%
PMBJP-2558,MOL-01166,10.0,%
PMBJP-2559,MOL-00919,40.0,mg
PMBJP-2559,MOL-00085,5.0,mg
PMBJP-2560,MOL-00919,40.0,mg
PMBJP-2560,MOL-01756,600.0,mg
PMBJP-2561,MOL-00921,200.0,mg
PMBJP-2561,MOL-01547,10.0,mg
PMBJP-2562,MOL-00921,6.0,%
PMBJP-2562,MOL-01253,5.0,%
PMBJP-2562,MOL-00186,2.0,%
PMBJP-2563,MOL-01040,2.0,%
PMBJP-2563,MOL-02181,0.05,%
PMBJP-2563,MOL-00872,0.01,%
PMBJP-2564,MOL-01040,4.0,%
PMBJP-2564,MOL-02181,0.05,%
PMBJP-2564,MOL-00872,0.01,%
PMBJP-2565,MOL-01047,6.0,mg
PMBJP-2566,MOL-01047,10.0,mg
PMBJP-2567,MOL-01054,100.0,mg
PMBJP-2568,MOL-01061,25.0,mg
PMBJP-2569,MOL-01062,10.0,mg
PMBJP-2569,MOL-00673,30.0,mg
PMBJP-2570,MOL-01066,1000.0,mg
PMBJP-2571,MOL-01066,500.0,mg
PMBJP-2572,MOL-01071,150.0,mcg
PMBJP-2572,MOL-01449,160.0,mcg
PMBJP-2573,MOL-01071,150.0,mcg
PMBJP-2573,MOL-01449,320.0,mcg
PMBJP-2574,MOL-01071,150.0,mcg
PMBJP-2574,MOL-01449,80.0,mcg
PMBJP-2575,MOL-01124,20.0,mcg
PMBJP-2576,MOL-01154,1.0,%
PMBJP-2577,MOL-01158,1.5,mg
PMBJP-2577,MOL-00041,200.0,mg
PMBJP-2578,MOL-01175,2.0,%
PMBJP-2578,MOL-02321,1.0,%
PMBJP-2579,MOL-01175,2.0,%
PMBJP-2580,MOL-01176,2.5,%
PMBJP-2581,MOL-01181,3.0,g
PMBJP-2581,MOL-01782,75.0,mg
PMBJP-2582,MOL-01209,50.0,mcg
PMBJP-2582,MOL-02132,5.0,mg
PMBJP-2583,MOL-00895,15.0,mg
PMBJP-2584,MOL-01227,1000.0,mg
PMBJP-2585,MOL-01237,5.0,mg
PMBJP-2585,MOL-01453,10.0,mg
PMBJP-2585,MOL-00080,75.0,mg
PMBJP-2586,MOL-01239,20.0,mg
PMBJP-2586,MOL-00416,4.0,mg
PMBJP-2587,MOL-01239,20.0,mg
PMBJP-2588,MOL-01240,100.0,mg
PMBJP-2588,MOL-00337,25.0,mg
PMBJP-2588,MOL-00746,200.0,mg
PMBJP-2589,MOL-01240,150.0,mg
PMBJP-2589,MOL-00337,37.5,mg
PMBJP-2589,MOL-00746,200.0,mg
PMBJP-2590,MOL-01240,50.0,mg
PMBJP-2590,MOL-00337,12.5,mg
PMBJP-2590,MOL-00746,200.0,mg
PMBJP-2591,MOL-01253,1.5,%
PMBJP-2591,MOL-01519,0.3,%
PMBJP-2592,MOL-01253,2.5,%
PMBJP-2592,MOL-01779,2.5,%
PMBJP-2594,MOL-01253,4.0,%
PMBJP-2594,MOL-01410,1.0,%
PMBJP-2594,MOL-02025,7.0,%
PMBJP-2595,MOL-01256,2.5,mg
PMBJP-2595,MOL-00551,10.0,mg
PMBJP-2596,MOL-01256,2.5,mg
PMBJP-2596,MOL-00551,5.0,mg
PMBJP-2597,MOL-01256,2.5,mg
PMBJP-2597,MOL-01368,850.0,mg
PMBJP-2598,MOL-01256,5.0,mg
PMBJP-2598,MOL-00551,10.0,mg
PMBJP-2599,MOL-01256,5.0,mg
PMBJP-2599,MOL-00551,5.0,mg
PMBJP-2601,MOL-01274,0.5,mg
PMBJP-2602,MOL-01379,25.0,mg
PMBJP-2603,MOL-01379,50.0,mg
PMBJP-2604,MOL-01410,2.0,%
PMBJP-2604,MOL-01468,2.0,%
PMBJP-2605,MOL-01416,20.0,mg
PMBJP-2605,MOL-01449,1.0,mg
PMBJP-2605,MOL-01475,10.0,mg
PMBJP-2606,MOL-01448,200.0,mg
PMBJP-2607,MOL-01453,10.0,mg
PMBJP-2607,MOL-00712,10.0,mg
PMBJP-2608,MOL-01165,8.7,%
PMBJP-2608,MOL-00211,2.0,%
PMBJP-2609,MOL-01478,2.0,%
PMBJP-2610,MOL-01501,3400.0,iu
PMBJP-2610,MOL-01748,5000.0,iu
PMBJP-2610,MOL-00185,400.0,iu
PMBJP-2611,MOL-01503,0.5,mg
PMBJP-2612,MOL-01503,2.5,mg
PMBJP-2613,MOL-01533,50.0,mg
PMBJP-2614,MOL-01533,100.0,mg
PMBJP-2615,MOL-01542,10.0,mg
PMBJP-2616,MOL-01558,100.0,mg
PMBJP-2616,MOL-01410,200.0,mg
PMBJP-2618,MOL-01626,100.0,mg
PMBJP-2619,MOL-01626,400.0,mg
PMBJP-2620,MOL-01630,10.0,mg
PMBJP-2620,MOL-00915,20.0,mg
PMBJP-2620,MOL-00332,2.0,mg
PMBJP-2620,MOL-00113,10.0,mg
PMBJP-2620,MOL-00644,10.0,mg
PMBJP-2621,MOL-01630,60.0,mg
PMBJP-2621,MOL-00915,75.0,mg
PMBJP-2622,MOL-01756,5.0,%
PMBJP-2623,MOL-01761,5.0,%
PMBJP-2624,MOL-01820,300.0,mg
PMBJP-2625,MOL-01842,0.5,mg
PMBJP-2626,MOL-01842,1.0,mg
PMBJP-2627,MOL-01951,200.0,mcg
PMBJP-2628,MOL-01951,400.0,mcg
PMBJP-2629,MOL-01958,2.0,%
PMBJP-2630,MOL-01965,20.0,mg
PMBJP-2631,MOL-01978,1.0,mg
PMBJP-2632,MOL-01979,100.0,mg
PMBJP-2632,MOL-01368,500.0,mg
PMBJP-2634,MOL-00354,2.0,%
PMBJP-2635,MOL-02072,40.0,mg
PMBJP-2635,MOL-00254,2.5,mg
PMBJP-2636,MOL-02072,40.0,mg
PMBJP-2636,MOL-00254,5.0,mg
PMBJP-2637,MOL-02078,20.0,mg
PMBJP-2637,MOL-01368,1000.0,mg
PMBJP-2637,MOL-01724,15.0,mg
PMBJP-2638,MOL-02078,20.0,mg
PMBJP-2638,MOL-01368,500.0,mg
PMBJP-2638,MOL-01724,15.0,mg
PMBJP-2639,MOL-02086,1.0,%
PMBJP-2641,MOL-02146,0.3,%
PMBJP-2641,MOL-00875,0.1,%
PMBJP-2642,MOL-02149,2.0,%
PMBJP-2643,MOL-02149,11.0,mg
PMBJP-2644,MOL-02149,22.0,mg
PMBJP-2645,MOL-02149,10.0,mg
PMBJP-2646,MOL-02149,5.0,mg
PMBJP-2647,MOL-02157,150.0,mg
PMBJP-2647,MOL-00619,50.0,mg
PMBJP-2648,MOL-02163,10.0,mg
PMBJP-2648,MOL-00085,5.0,mg
PMBJP-2649,MOL-02169,50.0,mg
PMBJP-2649,MOL-00619,75.0,mg
PMBJP-2650,MOL-02173,10.0,mg
PMBJP-2651,MOL-02189,,
PMBJP-2652,MOL-02224,0.5,mg
PMBJP-2653,MOL-02274,100.0,mg
PMBJP-2653,MOL-01368,1000.0,mg
PMBJP-2654,MOL-02274,100.0,mg
PMBJP-2654,MOL-01368,500.0,mg
PMBJP-2655,MOL-02274,50.0,mg
PMBJP-2655,MOL-01368,1000.0,mg
PMBJP-2656,MOL-02274,50.0,mg
PMBJP-2656,MOL-01368,500.0,mg
PMBJP-2657,MOL-00031,200.0,mg
PMBJP-2658,MOL-00094,25.0,mg
PMBJP-2659,MOL-00094,100.0,mg
PMBJP-2660,MOL-00094,200.0,mg
PMBJP-2661,MOL-00094,300.0,mg
PMBJP-2662,MOL-00094,400.0,mg
PMBJP-2663,MOL-00287,160.0,mcg
PMBJP-2663,MOL-00899,4.5,mcg
PMBJP-2664,MOL-00302,20.0,mg
PMBJP-2665,MOL-00302,40.0,mg
PMBJP-2666,MOL-00302,60.0,mg
PMBJP-2667,MOL-00347,1.5,mg
PMBJP-2668,MOL-00347,3.0,mg
PMBJP-2669,MOL-00347,4.5,mg
PMBJP-2670,MOL-00347,6.0,mg
PMBJP-2671,MOL-00362,250.0,mg
PMBJP-2672,MOL-00362,500.0,mg
PMBJP-2673,MOL-00362,1.0,g
PMBJP-2674,MOL-00460,,
PMBJP-2675,MOL-00527,15.0,mg
PMBJP-2676,MOL-00961,60.0,mg
PMBJP-2676,MOL-01368,1000.0,mg
PMBJP-2677,MOL-00551,10.0,mg
PMBJP-2677,MOL-02274,100.0,mg
PMBJP-2677,MOL-01368,1000.0,mg
PMBJP-2678,MOL-00551,10.0,mg
PMBJP-2678,MOL-02274,100.0,mg
PMBJP-2678,MOL-01368,500.0,mg
PMBJP-2679,MOL-00583,10.0,mg
PMBJP-2680,MOL-00593,6.0,mg
PMBJP-2681,MOL-00593,2.0,mg
PMBJP-2682,MOL-00674,10.0,mg
PMBJP-2683,MOL-00674,5.0,mg
PMBJP-2684,MOL-00814,0.25,mg
PMBJP-2685,MOL-00814,0.5,mg
PMBJP-2686,MOL-00814,5.0,mg
PMBJP-2687,MOL-00814,10.0,mg
PMBJP-2688,MOL-00838,1.0,%
PMBJP-2689,MOL-00839,1.0,%
PMBJP-2690,MOL-00873,,
PMBJP-2691,MOL-01033,25.0,mg
PMBJP-2692,MOL-01036,10.0,mg
PMBJP-2693,MOL-01036,5.0,mg
PMBJP-2694,MOL-01083,500.0,mg
PMBJP-2695,MOL-01154,130.0,mg
PMBJP-2696,MOL-01154,65.0,mg
PMBJP-2697,MOL-01154,1.0,%
PMBJP-2698,MOL-01237,2.5,mg
PMBJP-2699,MOL-01237,5.0,mg
PMBJP-2700,MOL-01256,5.0,mg
PMBJP-2700,MOL-01368,1000.0,mg
PMBJP-2701,MOL-01298,20.0,mg
PMBJP-2702,MOL-01298,40.0,mg
PMBJP-2703,MOL-01298,80.0,mg
PMBJP-2704,MOL-01317,150.0,mg
PMBJP-2705,MOL-01331,1500.0,mcg
PMBJP-2706,MOL-01368,250.0,mg
PMBJP-2707,MOL-01407,50.0,mg
PMBJP-2707,MOL-01033,12.5,mg
PMBJP-2708,MOL-01453,4.0,mg
PMBJP-2708,MOL-00851,60.0,mg
PMBJP-2709,MOL-01576,20.0,mg
PMBJP-2710,MOL-00023,600.0,mg
PMBJP-2710,MOL-01815,50.0,mg
PMBJP-2711,MOL-01488,500.0,mg
PMBJP-2711,MOL-00778,20.0,mg
PMBJP-2712,MOL-01495,10.0,mg
PMBJP-2713,MOL-01519,30.0,mg
PMBJP-2714,MOL-01519,60.0,mg
PMBJP-2715,MOL-01556,20.0,mg
PMBJP-2716,MOL-01556,30.0,mg
PMBJP-2717,MOL-01556,50.0,mcg
PMBJP-2718,MOL-01556,100.0,mcg
PMBJP-2719,MOL-01561,100.0,mg
PMBJP-2720,MOL-01561,150.0,mg
PMBJP-2721,MOL-01564,40.0,mg
PMBJP-2721,MOL-00097,5.0,mg
PMBJP-2722,MOL-01564,20.0,mg
PMBJP-2722,MOL-00437,10.0,mg
PMBJP-2722,MOL-00420,12.5,mg
PMBJP-2723,MOL-01564,20.0,mg
PMBJP-2723,MOL-00437,10.0,mg
PMBJP-2723,MOL-00420,6.25,mg
PMBJP-2724,MOL-01564,40.0,mg
PMBJP-2724,MOL-00437,10.0,mg
PMBJP-2724,MOL-00420,12.5,mg
PMBJP-2725,MOL-01588,30.0,mg
PMBJP-2726,MOL-01623,,
PMBJP-2727,MOL-01718,5.0,mg
PMBJP-2728,MOL-01845,100.0,mg
PMBJP-2729,MOL-01885,2.0,mg
PMBJP-2730,MOL-01885,3.0,mg
PMBJP-2731,MOL-01889,15.0,mg
PMBJP-2732,MOL-01889,2.5,mg
PMBJP-2733,MOL-01890,1.5,mg
PMBJP-2734,MOL-01890,3.0,mg
PMBJP-2735,MOL-01890,4.5,mg
PMBJP-2736,MOL-01890,6.0,mg
PMBJP-2737,MOL-01890,9.0,mg
PMBJP-2738,MOL-01890,18.0,mg
PMBJP-2739,MOL-01890,27.0,mg
PMBJP-2740,MOL-01891,5.0,mg
PMBJP-2741,MOL-01891,10.0,mg
PMBJP-2742,MOL-01897,250.0,mcg
PMBJP-2742,MOL-02002,250.0,mcg
PMBJP-2743,MOL-01897,500.0,mcg
PMBJP-2743,MOL-02002,500.0,mcg
PMBJP-2744,MOL-01209,0.005,%
PMBJP-2745,MOL-01965,100.0,mg
PMBJP-2746,MOL-01979,50.0,mg
PMBJP-2746,MOL-00962,1.0,mg
PMBJP-2746,MOL-01368,1000.0,mg
PMBJP-2747,MOL-01979,50.0,mg
PMBJP-2747,MOL-00962,2.0,mg
PMBJP-2747,MOL-01368,1000.0,mg
PMBJP-2748,MOL-02015,50.0,mg
PMBJP-2749,MOL-02015,100.0,mg
PMBJP-2750,MOL-02047,10.0,mg
PMBJP-2751,MOL-02047,20.0,mg
PMBJP-2752,MOL-02047,2.5,mg
PMBJP-2753,MOL-02047,5.0,mg
PMBJP-2754,MOL-02047,10.0,mg
PMBJP-2755,MOL-02078,20.0,mg
PMBJP-2755,MOL-00551,10.0,mg
PMBJP-2755,MOL-01368,1000.0,mg
PMBJP-2756,MOL-02078,20.0,mg
PMBJP-2756,MOL-00551,10.0,mg
PMBJP-2756,MOL-01368,500.0,mg
PMBJP-2757,MOL-01251,62.5,mcg
PMBJP-2758,MOL-02165,20.0,mg
PMBJP-2758,MOL-02015,25.0,mg
PMBJP-2759,MOL-02165,5.0,mg
PMBJP-2759,MOL-02015,50.0,mg
PMBJP-2760,MOL-02179,100.0,mg
PMBJP-2761,MOL-02179,25.0,mg
PMBJP-2762,MOL-02190,250.0,mg
PMBJP-2763,MOL-02229,100.0,mg
PMBJP-2764,MOL-02229,300.0,mg
PMBJP-2765,MOL-02254,1000.0,mg
PMBJP-2766,MOL-02254,250.0,mg
PMBJP-2767,MOL-02259,20.0,iu
PMBJP-2768,MOL-02274,50.0,mg
PMBJP-2768,MOL-00551,5.0,mg
PMBJP-2769,MOL-02276,1.0,mg
PMBJP-2770,MOL-02325,5.0,mg
PMBJP-2771,MOL-00864,50.0,mg
PMBJP-2772,MOL-00864,200.0,mg
PMBJP-2773,MOL-00864,400.0,mg
PMBJP-2774,MOL-00864,2.0,mg
PMBJP-2785,MOL-00008,500.0,mg
PMBJP-2786,MOL-00097,5.0,mg
PMBJP-2786,MOL-00738,5.0,mg
PMBJP-2787,MOL-00097,1.5,mg
PMBJP-2787,MOL-01072,1.5,mg
PMBJP-2788,MOL-00024,75.0,mg
PMBJP-2788,MOL-01903,75.0,mg
PMBJP-2788,MOL-00473,75.0,mg
PMBJP-2789,MOL-00153,12.5,mg
PMBJP-2789,MOL-00420,12.5,mg
PMBJP-2790,MOL-00153,12.5,mg
PMBJP-2790,MOL-00420,12.5,mg
PMBJP-2791,MOL-00153,2.5,mg
PMBJP-2791,MOL-01072,2.5,mg
PMBJP-2792,MOL-00153,50.0,mg
PMBJP-2792,MOL-01288,50.0,mg
PMBJP-2793,MOL-00153,20.0,mg
PMBJP-2793,MOL-01519,20.0,mg
PMBJP-2794,MOL-00155,10.0,mg
PMBJP-2795,MOL-00173,20.0,%
PMBJP-2796,MOL-00210,40.0,mg
PMBJP-2796,MOL-02072,40.0,mg
PMBJP-2797,MOL-00219,5.0,%
PMBJP-2798,MOL-00219,5.0,%
PMBJP-2799,MOL-00294,10.0,mg
PMBJP-2800,MOL-00294,5.0,mg
PMBJP-2801,MOL-00336,100.0,mcg
PMBJP-2802,MOL-00471,10.0,mg
PMBJP-2802,MOL-01799,10.0,mg
PMBJP-2803,MOL-00471,20.0,mg
PMBJP-2803,MOL-01799,20.0,mg
PMBJP-2804,MOL-00471,20.0,mg
PMBJP-2804,MOL-01799,20.0,mg
PMBJP-2805,MOL-00145,,
PMBJP-2805,MOL-02285,,
PMBJP-2805,MOL-01511,,
PMBJP-2806,MOL-00749,40.0,mg
PMBJP-2807,MOL-00855,300.0,mcg
PMBJP-2808,MOL-00861,100.0,mg
PMBJP-2809,MOL-00861,50.0,mg
PMBJP-2810,MOL-00878,10.0,mg
PMBJP-2811,MOL-00878,60.0,mg
PMBJP-2812,MOL-00961,500.0,mg
PMBJP-2812,MOL-01724,500.0,mg
PMBJP-2812,MOL-01368,500.0,mg
PMBJP-2813,MOL-00961,500.0,mg
PMBJP-2813,MOL-01724,500.0,mg
PMBJP-2813,MOL-01368,500.0,mg
PMBJP-2814,MOL-00975,12.0,%
PMBJP-2815,MOL-00975,6.0,%
PMBJP-2816,MOL-00976,1.0,mg
PMBJP-2817,MOL-00976,2.0,mg
PMBJP-2818,MOL-01000,2.0,%
PMBJP-2818,MOL-00920,2.0,%
PMBJP-2819,MOL-01028,,
PMBJP-2819,MOL-02243,,
PMBJP-2820,MOL-01053,140.0,mg
PMBJP-2821,MOL-01069,2.0,mg
PMBJP-2821,MOL-00616,2.0,mg
PMBJP-2822,MOL-01069,5.0,mg
PMBJP-2822,MOL-00616,5.0,mg
PMBJP-2823,MOL-02096,250.0,mg
PMBJP-2824,MOL-01216,4.0,mg
PMBJP-2825,MOL-01228,500.0,mg
PMBJP-2826,MOL-01288,6.25,mg
PMBJP-2826,MOL-00420,6.25,mg
PMBJP-2827,MOL-01288,2.5,mg
PMBJP-2827,MOL-01917,2.5,mg
PMBJP-2828,MOL-01339,10.0,mg
PMBJP-2828,MOL-02325,10.0,mg
PMBJP-2829,MOL-01339,5.0,mg
PMBJP-2829,MOL-02325,5.0,mg
PMBJP-2830,MOL-01395,10.0,mg
PMBJP-2831,MOL-01395,18.0,mg
PMBJP-2832,MOL-01395,20.0,mg
PMBJP-2833,MOL-01395,5.0,mg
PMBJP-2834,MOL-01407,6.25,mg
PMBJP-2834,MOL-00420,6.25,mg
PMBJP-2835,MOL-01407,12.5,mg
PMBJP-2835,MOL-00420,12.5,mg
PMBJP-2836,MOL-01407,6.25,mg
PMBJP-2836,MOL-00420,6.25,mg
PMBJP-2837,MOL-01435,5.0,mg
PMBJP-2838,MOL-01485,50.0,mg
PMBJP-2839,MOL-01525,30.0,mg
PMBJP-2840,MOL-01564,12.5,mg
PMBJP-2840,MOL-00097,12.5,mg
PMBJP-2840,MOL-00420,12.5,mg
PMBJP-2841,MOL-01564,25.0,mg
PMBJP-2841,MOL-01407,25.0,mg
PMBJP-2842,MOL-01564,50.0,mg
PMBJP-2842,MOL-01407,50.0,mg
PMBJP-2843,MOL-01580,50.0,mg
PMBJP-2844,MOL-01580,50.0,mg
PMBJP-2845,MOL-01585,60.0,mg
PMBJP-2846,MOL-01683,2.0,mg
PMBJP-2847,MOL-01683,4.0,mg
PMBJP-2848,MOL-01724,2.0,mg
PMBJP-2848,MOL-00962,2.0,mg
PMBJP-2849,MOL-01745,2.0,mg
PMBJP-2850,MOL-01903,10.0,mg
PMBJP-2850,MOL-00422,1000.0,iu
PMBJP-2851,MOL-01903,10.0,mg
PMBJP-2851,MOL-00820,10.0,mg
PMBJP-2852,MOL-01903,10.0,mg
PMBJP-2852,MOL-00820,10.0,mg
PMBJP-2853,MOL-01903,20.0,mg
PMBJP-2853,MOL-00473,75.0,mg
PMBJP-2854,MOL-01922,50.0,mg
PMBJP-2855,MOL-01917,12.5,mg
PMBJP-2855,MOL-01033,12.5,mg
PMBJP-2856,MOL-01979,500.0,mg
PMBJP-2856,MOL-01724,500.0,mg
PMBJP-2856,MOL-01368,500.0,mg
PMBJP-2857,MOL-01918,2.5,mg
PMBJP-2857,MOL-01917,2.5,mg
PMBJP-2858,MOL-01918,5.0,mg
PMBJP-2858,MOL-01917,5.0,mg
PMBJP-2859,MOL-01918,20.0,mg
PMBJP-2859,MOL-02072,20.0,mg
PMBJP-2860,MOL-02072,1.5,mg
PMBJP-2860,MOL-01072,1.5,mg
PMBJP-2861,MOL-02072,10.0,mg
PMBJP-2861,MOL-01903,10.0,mg
PMBJP-2862,MOL-02072,2.5,mg
PMBJP-2862,MOL-01917,2.5,mg
PMBJP-2863,MOL-02072,5.0,mg
PMBJP-2863,MOL-01917,5.0,mg
PMBJP-2864,MOL-02124,12.5,mg
PMBJP-2865,MOL-02150,50.0,mg
PMBJP-2866,MOL-02193,1.0,mg
PMBJP-2866,MOL-02198,1.0,mg
PMBJP-2867,MOL-02193,2.0,mg
PMBJP-2867,MOL-02198,2.0,mg
PMBJP-2868,MOL-02296,80.0,mg
PMBJP-2868,MOL-01368,80.0,mg
PMBJP-2868,MOL-00961,80.0,mg
PMBJP-2869,MOL-02296,80.0,mg
PMBJP-2869,MOL-01368,80.0,mg
PMBJP-2869,MOL-00961,80.0,mg
PMBJP-2870,MOL-00366,250.0,mg
PMBJP-2871,MOL-00365,1000.0,mg
PMBJP-2871,MOL-02062,125.0,mg
PMBJP-2872,MOL-00432,200.0,mcg
PMBJP-2872,MOL-00899,6.0,mcg
PMBJP-2872,MOL-02138,9.0,mcg
PMBJP-2873,MOL-00672,50.0,mg
PMBJP-2873,MOL-00737,200.0,mg
PMBJP-2873,MOL-02081,25.0,mg
PMBJP-2874,MOL-00672,50.0,mg
PMBJP-2874,MOL-01199,300.0,mg
PMBJP-2874,MOL-02082,50.0,mg
PMBJP-2875,MOL-01176,30.0,mg
PMBJP-2876,MOL-01199,100.0,mg
PMBJP-2877,MOL-01227,100.0,mg
PMBJP-2878,MOL-01227,500.0,mg
PMBJP-2879,MOL-01311,50.0,%
PMBJP-2880,MOL-01434,100.0,mg
PMBJP-2881,MOL-01434,45.0,mg
PMBJP-2882,MOL-01434,50.0,mg
PMBJP-2883,MOL-01434,65.0,mg
PMBJP-2884,MOL-01434,100.0,mg
PMBJP-2885,MOL-01457,5.0,mg
PMBJP-2885,MOL-00650,125.0,mg
PMBJP-2886,MOL-01457,5.0,mg
PMBJP-2887,MOL-01519,5.0,mg
PMBJP-2888,MOL-01567,5.0,mg
PMBJP-2889,MOL-01628,40.0,mg
PMBJP-2889,MOL-01457,15.0,mg
PMBJP-2890,MOL-01700,200.0,mg
PMBJP-2891,MOL-01700,20.0,mg
PMBJP-2892,MOL-01773,15.0,mg
PMBJP-2893,MOL-01774,20.0,mg
PMBJP-2894,MOL-01773,40.0,mg
PMBJP-2895,MOL-01827,20.0,mg
PMBJP-2895,MOL-01457,15.0,mg
PMBJP-2896,MOL-01912,10.0,mg
PMBJP-2896,MOL-01453,10.0,mg
PMBJP-2897,MOL-01912,10.0,mg
PMBJP-2898,MOL-02040,50.0,mg
PMBJP-2899,MOL-02085,1.0,mg
PMBJP-2900,MOL-02085,2.0,mg
PMBJP-5009,MOL-01169,,
PMBJP-5064,MOL-02168,,
PMBJP-5071,MOL-00260,,
PMBJP-5097,MOL-00045,,
PMBJP-6040,MOL-00010,,
PMBJP-8028,MOL-01746,,
PMBJP-8029,MOL-01746,,
PMBJP-8031,MOL-01746,,
PMBJP-8032,MOL-01746,,
PMBJP-8120,MOL-01201,28.0,g
PMBJP-8132,MOL-01736,,
PMBJP-8135,MOL-00267,,
PMBJP-8155,MOL-00180,,
PMBJP-8177,MOL-02012,30.0,ml
PMBJP-8193,MOL-00516,,
PMBJP-8196,MOL-01004,,
PMBJP-8197,MOL-00819,,
PMBJP-9056,MOL-00852,,
PMBJP-9057,MOL-02235,,
